Data,Otwarcie,Najwyzszy,Najnizszy,Zamkniecie,Wolumen
2016-01-04,10485.81,10485.91,10248.58,10283.44,119844268
2016-01-05,10373.27,10384.26,10173.52,10310.1,84890443
2016-01-06,10288.68,10288.68,10094.18,10214.02,90465727
2016-01-07,10144.17,10145.47,9810.47,9979.85,128029005
2016-01-08,10010.47,10122.46,9849.34,9849.34,98631078
2016-01-11,9814.04,9978.69,9813.02,9825.07,92547620
2016-01-12,9832.82,10092.67,9832.82,9985.43,99681343
2016-01-13,10112.35,10164.05,9929.07,9960.96,93643404
2016-01-14,9836.85,9884.27,9614.77,9794.2,137020764
2016-01-15,9778.36,9832.92,9459.09,9545.27,146397665
2016-01-18,9542.6,9657.94,9457.95,9521.85,91275222
2016-01-19,9722.64,9756.14,9626.65,9664.21,102829567
2016-01-20,9430.13,9490.45,9314.57,9391.64,138206228
2016-01-21,9400.69,9656.33,9348.74,9574.16,147730302
2016-01-22,9762.55,9837.62,9704.9,9764.88,127518267
2016-01-25,9790.44,9800.49,9681.7,9736.15,94406875
2016-01-26,9599.56,9867.18,9563.64,9822.75,113632594
2016-01-27,9781.42,9880.82,9728.64,9880.82,91926109
2016-01-28,9826.28,9905.08,9594.8,9639.59,117743730
2016-01-29,9772.58,9798.38,9656.36,9798.11,117174610
2016-02-01,9823.73,9827.1,9638.58,9757.88,92729421
2016-02-02,9721.18,9729.23,9536.97,9581.04,107857859
2016-02-03,9541.53,9577.2,9350.98,9434.82,125091414
2016-02-04,9522.67,9539.92,9270.09,9393.36,133766206
2016-02-05,9375.29,9469.71,9250.84,9286.23,134856019
2016-02-08,9329.87,9337.52,8937.98,8979.36,154467587
2016-02-09,8980.71,9041.9,8772.88,8879.4,159802682
2016-02-10,8937.98,9128.54,8875.45,9017.29,136822309
2016-02-11,8887.89,8899.57,8699.29,8752.87,153636317
2016-02-12,8854.4,8967.51,8815.77,8967.51,160471700
2016-02-15,9163.54,9249.46,9134.76,9206.84,127182108
2016-02-16,9242.75,9269.06,9079.19,9135.11,106014204
2016-02-17,9174.28,9394.62,9156.14,9377.21,128612991
2016-02-18,9428.01,9551.87,9349.95,9463.64,123801441
2016-02-19,9420.51,9474.02,9319.1,9388.05,109839929
2016-02-22,9481.37,9581.45,9477.69,9573.59,93879879
2016-02-23,9503.12,9535.12,9405.22,9416.77,89938886
2016-02-24,9396.48,9415.33,9125.19,9167.8,102284543
2016-02-25,9277.02,9391.31,9199.09,9331.48,98941340
2016-02-26,9454.52,9576.88,9436.33,9513.3,98620745
2016-02-29,9424.93,9498.57,9332.42,9495.4,93792525
2016-03-01,9482.66,9719.02,9471.09,9717.16,99543283
2016-03-02,9780.84,9837.11,9695.98,9776.62,106449632
2016-03-03,9807.06,9808.52,9709.68,9751.92,85246708
2016-03-04,9800.86,9899.11,9742.76,9824.17,93446785
2016-03-07,9764.08,9803.73,9690,9778.93,78146888
2016-03-08,9688.47,9785.05,9617.69,9692.82,95752689
2016-03-09,9700.16,9838.95,9679.19,9723.09,100899199
2016-03-10,9697.64,9995.84,9498.15,9498.15,177504378
2016-03-11,9672.05,9833.9,9642.79,9831.13,118955181
2016-03-14,9948.21,10039.61,9936.06,9990.26,91438198
2016-03-15,9941.46,9973.58,9890.12,9933.85,77982772
2016-03-16,9971.04,10021.7,9917.92,9983.41,93635152
2016-03-17,10051.69,10055.29,9753.04,9892.2,114653212
2016-03-18,9905.67,9961.48,9822.52,9950.8,209129904
2016-03-21,9893.26,10095.46,9863.83,9948.64,78954243
2016-03-22,9836.28,9990,9762.57,9990,81627679
2016-03-23,10046.94,10112.17,9964.63,10022.93,83248080
2016-03-24,9974.6,9977.99,9845.37,9851.35,73414461
2016-03-29,9900.88,9947.03,9808.48,9887.94,67557962
2016-03-30,9951.68,10097.7,9947.26,10046.61,89486696
2016-03-31,9997.44,10021.34,9947.02,9965.51,84529545
2016-04-01,9833.26,9851.31,9675.5,9794.64,97643663
2016-04-04,9789.77,9907.05,9732.82,9822.08,73483228
2016-04-05,9647.81,9661.3,9553.17,9563.36,93710925
2016-04-06,9582.46,9635.91,9505.9,9624.51,92588495
2016-04-07,9648.55,9702.18,9484.75,9530.62,83206361
2016-04-08,9576.4,9675.03,9572.57,9622.26,78334677
2016-04-11,9595.56,9751.93,9524.66,9682.99,78479681
2016-04-12,9716.75,9770.47,9617.83,9761.47,75912864
2016-04-13,9901.13,10026.1,9893.42,10026.1,106641009
2016-04-14,10042.28,10098.44,10016.17,10093.65,82082678
2016-04-15,10063.89,10070.04,10020.34,10051.57,81966379
2016-04-18,9933.7,10147.85,9920.9,10120.31,68564608
2016-04-19,10170.18,10370.8,10150.67,10349.59,99464193
2016-04-20,10312.64,10440.13,10304.14,10421.29,96317859
2016-04-21,10456.99,10474.38,10341.97,10435.73,101414449
2016-04-22,10377.22,10422.86,10324.83,10373.49,83529505
2016-04-25,10379.16,10399.3,10233.42,10294.35,75159658
2016-04-26,10359.77,10385.23,10213.55,10259.59,79903802
2016-04-27,10283.1,10323.25,10220.57,10299.83,99071898
2016-04-28,10222.11,10331.93,10125.52,10321.15,93064301
2016-04-29,10235.47,10252.08,10038.97,10038.97,112470154
2016-05-02,10091.17,10153.9,10066.34,10123.27,62290345
2016-05-03,10052.55,10061.95,9918.43,9926.77,129501237
2016-05-04,9925.25,9959.42,9812.73,9828.25,102911720
2016-05-05,9849.7,9921.37,9805.55,9851.86,71084364
2016-05-06,9805.39,9917.63,9737,9869.95,89841453
2016-05-09,9929.19,10068.53,9878.71,9980.49,80185999
2016-05-10,10057.53,10106.93,9994.58,10045.44,83009924
2016-05-11,10055.4,10055.7,9950.11,9975.32,97288272
2016-05-12,9899.9,10078.19,9838.12,9862.12,103137102
2016-05-13,9794.83,9979.93,9767.94,9952.9,85100056
2016-05-17,10016.79,10080.31,9846.91,9890.19,98583183
2016-05-18,9828.05,9946.27,9811.86,9943.23,76853562
2016-05-19,9847.64,9899.86,9773.72,9795.89,93387316
2016-05-20,9878.49,9921.59,9852.71,9916.02,78255472
2016-05-23,9891.38,9971.74,9811.74,9842.29,76899459
2016-05-24,9798.94,10077.65,9773.8,10057.31,85241428
2016-05-25,10143.37,10233.06,10130.68,10205.21,97691057
2016-05-26,10213.87,10286.23,10207.09,10272.71,74689635
2016-05-27,10257.91,10298.76,10241.98,10286.31,64407663
2016-05-30,10293.43,10338.41,10286.33,10333.23,35396910
2016-05-31,10356.14,10365.24,10243.22,10262.74,91591206
2016-06-01,10242.78,10283.82,10160.24,10204.44,79532030
2016-06-02,10199.2,10241.75,10156.86,10208,63117958
2016-06-03,10237.58,10282.72,10040.87,10103.26,85879750
2016-06-06,10105.09,10148.96,10092.86,10121.08,55122026
2016-06-07,10196.17,10312.53,10183.19,10287.68,78493415
2016-06-08,10246.49,10266.37,10177.44,10217.03,75767886
2016-06-09,10184.48,10187.07,10050.03,10088.87,108383532
2016-06-10,10024.69,10026.49,9819.12,9834.62,109159615
2016-06-13,9715.78,9755.23,9657.44,9657.44,102325227
2016-06-14,9595.17,9620.84,9507.51,9519.2,102835357
2016-06-15,9589.47,9665.21,9567.15,9606.71,95301358
2016-06-16,9480.43,9582.38,9432.87,9550.47,101528046
2016-06-17,9620.92,9705.29,9578.15,9631.36,145900515
2016-06-20,9850.59,9996.56,9850.59,9962.02,94347659
2016-06-21,9943.84,10051.07,9930.1,10015.54,83050053
2016-06-22,10084.74,10149.81,10043.68,10071.06,80461166
2016-06-23,10122.47,10340.84,10104.92,10257.03,110232987
2016-06-24,9237.62,9720.12,9226.15,9557.16,325189532
2016-06-27,9516.92,9589.28,9214.1,9268.66,209916544
2016-06-28,9458.38,9554.41,9419.38,9447.28,136518894
2016-06-29,9557.69,9640.39,9506.29,9612.27,115823931
2016-06-30,9566.07,9695.59,9513.52,9680.09,136896561
2016-07-01,9742.84,9806.47,9657.63,9776.12,101971071
2016-07-04,9797.66,9808.99,9701.15,9709.09,79934202
2016-07-05,9656.05,9659.41,9506.84,9532.61,97702093
2016-07-06,9449.57,9530.59,9304.01,9373.26,134692440
2016-07-07,9437.47,9507.91,9399.69,9418.78,91496980
2016-07-08,9392.2,9655.92,9389.05,9629.66,97029731
2016-07-11,9744.8,9841.86,9690.18,9833.41,80795483
2016-07-12,9850.4,10013.49,9841.11,9964.07,101659026
2016-07-13,9941.99,10001.87,9919.41,9930.71,96305952
2016-07-14,10058.49,10109.86,9984.55,10068.3,100409997
2016-07-15,10031.18,10098.75,9987.05,10066.9,89992452
2016-07-18,10079.03,10160.3,10011.84,10063.13,70359308
2016-07-19,10038.95,10050.77,9923.64,9981.24,69292536
2016-07-20,10054.54,10146.71,9991.65,10142.01,79709179
2016-07-21,10195.4,10195.65,10090.12,10156.21,97531520
2016-07-22,10130.51,10181.24,10073.28,10147.46,62724864
2016-07-25,10155.2,10264.06,10125.22,10198.24,58553188
2016-07-26,10199.66,10275.41,10150,10247.76,79527315
2016-07-27,10314.43,10352.32,10298.4,10319.55,85864160
2016-07-28,10309.92,10381.9,10264.39,10274.93,95731517
2016-07-29,10320.82,10355.31,10287.32,10337.5,94143227
2016-08-01,10426.36,10459.34,10277.37,10330.52,84752784
2016-08-02,10328.87,10330.64,10128.98,10144.34,124503842
2016-08-03,10150.13,10189.15,10092.53,10170.21,89966286
2016-08-04,10237.08,10282.17,10182.4,10227.86,79200082
2016-08-05,10242.88,10374.33,10216.64,10367.21,69838698
2016-08-08,10407.5,10478.75,10403.47,10432.36,66865105
2016-08-09,10438.6,10701.33,10433.79,10692.9,81923576
2016-08-10,10676.9,10708.25,10635.11,10650.89,101105909
2016-08-11,10687.57,10742.84,10635.42,10742.84,73242610
2016-08-12,10718.33,10735.11,10685.52,10713.43,60464372
2016-08-15,10719.14,10802.32,10712.13,10739.21,42913914
2016-08-16,10666.72,10737.07,10634.68,10676.65,63827502
2016-08-17,10694.55,10696.76,10516.05,10537.67,68616090
2016-08-18,10613.08,10625.33,10548.97,10603.03,55434520
2016-08-19,10613.23,10618.11,10490.96,10544.36,75389066
2016-08-22,10528.88,10656.25,10443.48,10494.35,60733212
2016-08-23,10542.95,10627,10516.27,10592.88,57648055
2016-08-24,10531.14,10653.17,10515.16,10622.97,62918068
2016-08-25,10576.56,10576.56,10470.73,10529.59,54747938
2016-08-26,10512.21,10613.06,10484.03,10587.77,49679639
2016-08-29,10503.88,10566.69,10441.81,10544.44,35059845
2016-08-30,10588.71,10688.48,10588.48,10657.64,62085382
2016-08-31,10627.18,10666.81,10591.44,10592.69,89943820
2016-09-01,10622.33,10676.32,10492.29,10534.31,104480684
2016-09-02,10570.7,10693.64,10516.81,10683.82,83683597
2016-09-05,10712.17,10740.39,10671.55,10672.22,58164154
2016-09-06,10704.89,10742.49,10657.43,10687.14,67228345
2016-09-07,10706.86,10775.93,10659.73,10752.98,79763466
2016-09-08,10749.82,10780.42,10570.06,10675.29,93703235
2016-09-09,10641.81,10671.66,10539.31,10573.44,101924789
2016-09-12,10380.46,10431.9,10299.38,10431.77,126469933
2016-09-13,10483.07,10507.04,10382.85,10386.6,89963718
2016-09-14,10410.3,10450.41,10369.72,10378.4,94000174
2016-09-15,10360.84,10446.4,10337.23,10431.2,83377481
2016-09-16,10403.67,10427.2,10262.19,10276.17,214977906
2016-09-19,10349.87,10381.93,10326.75,10373.87,72793725
2016-09-20,10374.68,10465.95,10371.62,10393.86,74047152
2016-09-21,10496.43,10535.25,10427.22,10436.49,79030138
2016-09-22,10518.53,10705.4,10517.8,10674.18,98953610
2016-09-23,10662.49,10675.62,10610.95,10626.97,70001780
2016-09-26,10555.19,10560.83,10385.63,10393.71,105447064
2016-09-27,10451.4,10455.88,10265.69,10361.48,111484373
2016-09-28,10425.89,10518.36,10417.15,10438.34,87738723
2016-09-29,10545.6,10575.34,10370.23,10405.54,103879884
2016-09-30,10240.69,10531.26,10189.94,10511.02,188168431
2016-10-04,10492.97,10646.72,10492.25,10619.61,131527101
2016-10-05,10535.62,10622.44,10486.63,10585.78,96736401
2016-10-06,10641.13,10641.13,10537.68,10568.8,108655321
2016-10-07,10549.69,10579.09,10465.35,10490.86,125272056
2016-10-10,10496.01,10639.41,10454.98,10624.08,101673904
2016-10-11,10600.94,10692.36,10568.72,10577.16,97984006
2016-10-12,10572.72,10604,10503.2,10523.07,90401475
2016-10-13,10425.79,10430.83,10349.06,10414.07,98756273
2016-10-14,10450.06,10615.3,10449.47,10580.38,101264572
2016-10-17,10544.69,10583.7,10491.28,10503.57,63729886
2016-10-18,10560.14,10657.34,10543.69,10631.55,88963507
2016-10-19,10626.99,10672.22,10587.71,10645.68,75976535
2016-10-20,10665.75,10748.41,10592.89,10701.39,106411639
2016-10-21,10710.51,10737.26,10672.35,10710.73,86862549
2016-10-24,10743.87,10820.08,10743.87,10761.17,79892758
2016-10-25,10786.25,10827.72,10738.36,10757.31,92480484
2016-10-26,10726.22,10737.79,10632.29,10709.68,78207227
2016-10-27,10691.86,10772.67,10656.18,10717.08,84114617
2016-10-28,10634.99,10716.16,10583.57,10696.19,72757211
2016-10-31,10658.67,10687.74,10634.34,10665.01,70462663
2016-11-01,10724.14,10730.48,10506.39,10526.16,77982310
2016-11-02,10443.52,10460.93,10368.2,10370.93,92787189
2016-11-03,10341.86,10406.72,10325.88,10325.88,85258564
2016-11-04,10281.87,10286.39,10212.53,10259.13,90278793
2016-11-07,10410.56,10456.95,10381.14,10456.95,84888864
2016-11-08,10449.52,10486.04,10414.83,10482.32,78075346
2016-11-09,10181.89,10646.55,10174.92,10646.01,173824260
2016-11-10,10710.04,10793.97,10575.96,10630.12,191298216
2016-11-11,10702.88,10714.47,10584.31,10667.95,133408072
2016-11-14,10750.62,10802.39,10677.09,10693.69,134894057
2016-11-15,10720.93,10748.31,10666.17,10735.14,107326314
2016-11-16,10726.34,10735.47,10610.27,10663.87,98808310
2016-11-17,10640.36,10686.88,10604.32,10685.54,98108196
2016-11-18,10735.05,10737.98,10649.12,10664.56,106647482
2016-11-21,10697.95,10727.09,10595.14,10685.13,73724159
2016-11-22,10745.67,10767.73,10707.87,10713.85,85867221
2016-11-23,10718.89,10742.66,10602.21,10662.44,95534933
2016-11-24,10689.16,10715.65,10653.62,10689.26,55623308
2016-11-25,10700.17,10710.16,10649.37,10699.27,61043930
2016-11-28,10655.92,10658.36,10554.94,10582.67,75862477
2016-11-29,10562.15,10624.76,10539.23,10620.49,80835841
2016-11-30,10615.79,10691.67,10606.04,10640.3,110326091
2016-12-01,10593.06,10627.1,10502.54,10534.05,93397647
2016-12-02,10436.48,10545.37,10402.59,10513.35,86402751
2016-12-05,10494.64,10730.74,10493.62,10684.83,107266876
2016-12-06,10685,10786.26,10668.67,10775.32,142691652
2016-12-07,10885.05,10988.79,10873.81,10986.69,148433132
2016-12-08,11035.76,11193.1,10990.6,11179.42,180242345
2016-12-09,11170.18,11231.69,11145.98,11203.63,107041234
2016-12-12,11198.42,11213.04,11141.86,11190.21,92589385
2016-12-13,11194.67,11300.44,11191.64,11284.65,101532392
2016-12-14,11254.47,11281.43,11235.24,11244.84,93090649
2016-12-15,11267.03,11387.11,11267.03,11366.4,145748187
2016-12-16,11368.64,11451.57,11357.15,11404.01,184161520
2016-12-19,11384.03,11426.7,11380.12,11426.7,83386166
2016-12-20,11415.3,11472.08,11406.95,11464.74,78145016
2016-12-21,11445.23,11479.88,11440.29,11468.64,64311346
2016-12-22,11444.41,11475.76,11428.77,11456.1,51520761
2016-12-23,11477.23,11480.18,11409.43,11449.93,55099166
2016-12-27,11457.91,11481.46,11451.55,11472.24,29548740
2016-12-28,11469.45,11475.89,11459.4,11474.99,47142491
2016-12-29,11411.36,11459.19,11404.82,11451.05,45106536
2016-12-30,11443.31,11481.66,11405.77,11481.06,43103975
2017-01-02,11426.38,11617.28,11414.82,11598.33,48923819
2017-01-03,11631.7,11637.37,11561.23,11584.24,91147885
2017-01-04,11609.53,11616.09,11531.43,11584.31,84715048
2017-01-05,11537.73,11602.54,11537.4,11584.94,77242248
2017-01-06,11560.52,11605.74,11547.05,11599.01,69159741
2017-01-09,11606.89,11606.89,11522.35,11563.99,81163086
2017-01-10,11583.24,11606.95,11544.99,11583.3,88738896
2017-01-11,11587.53,11692.27,11524.99,11646.17,101228849
2017-01-12,11599.24,11606.43,11491.87,11521.04,101596108
2017-01-13,11576.78,11635.55,11554.45,11629.18,82608883
2017-01-16,11537.45,11579.05,11535.96,11554.71,62995014
2017-01-17,11521.5,11583.43,11425.14,11540,87255014
2017-01-18,11592.12,11599.39,11529.76,11599.39,82308118
2017-01-19,11624.11,11644.88,11578.91,11596.89,91888979
2017-01-20,11568.9,11636.79,11547.04,11630.13,114827713
2017-01-23,11545.97,11605.29,11508.83,11545.75,80310853
2017-01-24,11554.8,11596.18,11538.05,11594.94,81681377
2017-01-25,11677.63,11827.73,11669.3,11806.05,123211679
2017-01-26,11867.91,11893.08,11819.76,11848.63,93495655
2017-01-27,11841.72,11844.68,11798.26,11814.27,73417337
2017-01-30,11786.31,11792.33,11659.35,11681.89,77630121
2017-01-31,11692.53,11733.16,11535.31,11535.31,100426438
2017-02-01,11646.42,11723.39,11622.6,11659.5,97419186
2017-02-02,11628.28,11675.98,11603.65,11627.95,100632928
2017-02-03,11636.23,11696.94,11627.98,11651.49,82665350
2017-02-06,11628.03,11679.91,11509.58,11509.84,95252695
2017-02-07,11498.49,11606.26,11483.83,11549.44,72245507
2017-02-08,11546.93,11591.26,11479.78,11543.38,98264799
2017-02-09,11584.4,11657.24,11548.18,11642.86,110083284
2017-02-10,11698.7,11711.55,11645.13,11666.97,79222833
2017-02-13,11697.99,11812.69,11684.91,11774.43,79031312
2017-02-14,11766.99,11787.82,11752.68,11771.81,72651288
2017-02-15,11834.48,11848.04,11725.38,11793.93,88876094
2017-02-16,11778.99,11814.7,11728.38,11757.24,76427141
2017-02-17,11759.57,11775.4,11693.7,11757.02,92669731
2017-02-20,11831.71,11841.06,11804.72,11827.62,56384891
2017-02-21,11817.97,11987.58,11798.48,11967.49,77830012
2017-02-22,11989.71,12031.11,11966.02,11998.59,94710082
2017-02-23,11994.06,12015.98,11925.88,11947.83,71930417
2017-02-24,11920.9,11934.64,11722.35,11804.03,101754705
2017-02-27,11858.14,11860.82,11792.51,11822.67,64790799
2017-02-28,11847.09,11853.5,11780.83,11834.41,73499629
2017-03-01,11915.03,12074.02,11913.84,12067.19,109554617
2017-03-02,12052.8,12082.59,12041.9,12059.57,82100896
2017-03-03,11998.06,12058.21,11995.4,12027.36,103293098
2017-03-06,11956.81,11998.83,11921.57,11958.4,99167751
2017-03-07,11963.76,11988.87,11935.33,11966.14,78817389
2017-03-08,11922.86,12017.28,11922.31,11967.31,99113866
2017-03-09,11923.51,12024.7,11917.78,11978.39,106149104
2017-03-10,12018.48,12067.07,11936.81,11963.18,110635143
2017-03-13,11954.8,12006.01,11949.03,11990.03,78031439
2017-03-14,11987.34,12002.75,11930.38,11988.79,108404736
2017-03-15,12000.44,12027.05,11977.32,12009.87,104493036
2017-03-16,12140.3,12156.44,12046.07,12083.18,123028263
2017-03-17,12039.24,12117.9,12018.27,12095.24,193232656
2017-03-20,12050.81,12082.31,12033.24,12052.9,110670311
2017-03-21,12083.01,12111.24,11938.42,11962.13,134942061
2017-03-22,11870.78,11934.35,11850.27,11904.12,110179999
2017-03-23,11914.2,12043.67,11896.68,12039.68,87335298
2017-03-24,12033.27,12082.67,12010.33,12064.27,95562884
2017-03-27,11957.65,11996.35,11916.07,11996.07,88957895
2017-03-28,12062.69,12158.72,12045.17,12149.42,95836263
2017-03-29,12195.86,12233.76,12180.83,12203,104379324
2017-03-30,12220.64,12258.37,12200.34,12256.43,88505321
2017-03-31,12241.57,12313.29,12230.17,12312.87,113056629
2017-04-03,12368.82,12375.58,12256.94,12257.2,88500744
2017-04-04,12255.72,12288.78,12225.38,12282.34,118109970
2017-04-05,12280.06,12293.13,12212.17,12217.54,86821027
2017-04-06,12147.37,12242.5,12119.04,12230.89,76552820
2017-04-07,12174.51,12225.06,12144.98,12225.06,74114376
2017-04-10,12244.5,12246.88,12178.1,12200.52,58528145
2017-04-11,12149.4,12221.43,12049.93,12139.35,84119622
2017-04-12,12174.96,12242.76,12123.12,12154.7,76479586
2017-04-13,12137.57,12147.7,12089.94,12109,75853235
2017-04-18,12135.61,12162.47,11996.74,12000.44,89781541
2017-04-19,12014.03,12040.23,12001.86,12016.45,85822603
2017-04-20,11968.06,12050.66,11941.57,12027.32,85378069
2017-04-21,12032.78,12091.33,12009.12,12048.57,109697849
2017-04-24,12296.56,12456.18,12289.37,12454.98,191815012
2017-04-25,12457.83,12482.9,12439.11,12467.04,94319014
2017-04-26,12466.5,12486.29,12442.37,12472.8,90378708
2017-04-27,12440.01,12478.28,12426.99,12443.79,104308713
2017-04-28,12417.89,12462.11,12414.1,12438.01,104960733
2017-05-02,12478.46,12511.17,12433.51,12507.9,87900154
2017-05-03,12502.36,12532.25,12477.87,12527.84,81772015
2017-05-04,12552.06,12648.22,12539.71,12647.78,105610317
2017-05-05,12601.46,12718.66,12591.75,12716.89,107711600
2017-05-08,12758.48,12762.04,12659.7,12694.55,100741470
2017-05-09,12732.74,12783.23,12703.96,12749.12,113255347
2017-05-10,12728.97,12776.08,12715.67,12757.46,108072893
2017-05-11,12767.13,12772.88,12662.49,12711.06,103238687
2017-05-12,12728.84,12771,12714.38,12770.41,109479658
2017-05-15,12824.05,12832.29,12729.49,12807.04,87078763
2017-05-16,12787.69,12841.66,12776.02,12804.53,80321610
2017-05-17,12700.12,12786.89,12587.45,12631.61,108947976
2017-05-18,12608.19,12634.26,12489.95,12590.06,123482741
2017-05-19,12612.3,12658.55,12596.72,12638.69,121951600
2017-05-22,12664.97,12670.26,12571.06,12619.46,75328619
2017-05-23,12597.54,12703.74,12593.33,12659.15,91032240
2017-05-24,12631.39,12662.05,12617.76,12642.87,73727450
2017-05-25,12693.84,12697.66,12543.77,12621.72,59481789
2017-05-26,12604.4,12611.49,12529.51,12602.18,75557506
2017-05-29,12588.8,12633.37,12578.58,12628.95,38067144
2017-05-30,12583.82,12648.1,12567.22,12598.68,74543658
2017-05-31,12612.52,12709.13,12582.8,12615.06,140248165
2017-06-01,12623.61,12677.6,12621.53,12664.92,90289799
2017-06-02,12735,12878.59,12734.78,12822.94,91145860
2017-06-06,12768.46,12788.34,12679.58,12690.12,102020035
2017-06-07,12659.97,12746.42,12640.52,12672.49,127078736
2017-06-08,12688.54,12740.36,12684.71,12713.58,100520907
2017-06-09,12711.53,12821.03,12711.53,12815.72,93323514
2017-06-12,12760.39,12782.73,12666.39,12690.44,96943942
2017-06-13,12739.5,12790.3,12727.83,12764.98,76825570
2017-06-14,12798.26,12921.17,12788.7,12805.95,107147000
2017-06-15,12801.91,12804.47,12620.9,12691.81,123566307
2017-06-16,12746.05,12762.35,12707.59,12752.73,223600787
2017-06-19,12849.99,12912.85,12833.01,12888.95,80345725
2017-06-20,12938.04,12951.54,12814.76,12814.79,81462705
2017-06-21,12792.32,12804.42,12708.99,12774.26,72029610
2017-06-22,12758.66,12806.02,12717.29,12794,74006641
2017-06-23,12757.97,12787.22,12677.4,12733.41,78472787
2017-06-26,12783.89,12841.31,12752.75,12770.83,70394345
2017-06-27,12728.5,12751.2,12644.95,12671.02,110320042
2017-06-28,12586.06,12671.28,12536.86,12647.27,106794287
2017-06-29,12707.48,12729.18,12396.13,12416.19,119029603
2017-06-30,12424.5,12459.69,12319,12325.12,107048341
2017-07-03,12396.34,12486.29,12390.73,12475.31,79447826
2017-07-04,12413.6,12481.81,12411.56,12437.13,66570986
2017-07-05,12432.41,12496.82,12406.69,12453.68,85197952
2017-07-06,12474.51,12490.72,12316.43,12381.25,115823000
2017-07-07,12376.19,12388.68,12339.91,12388.68,81462474
2017-07-10,12464.96,12482.95,12406.2,12445.92,71494816
2017-07-11,12479.67,12539.18,12417.85,12437.02,74906980
2017-07-12,12469.85,12648.19,12468.16,12626.58,99752831
2017-07-13,12614.13,12676.52,12613.52,12641.33,81572246
2017-07-14,12642.65,12662.01,12577.33,12631.72,70410922
2017-07-17,12652.37,12656.13,12542.96,12587.16,54770962
2017-07-18,12540.93,12572.86,12384.61,12430.39,89673532
2017-07-19,12468.06,12475.17,12418.67,12452.05,77526044
2017-07-20,12514.84,12575.52,12392.19,12447.25,107309180
2017-07-21,12424.8,12464.12,12190.89,12240.06,136827351
2017-07-24,12228.63,12235.85,12142.01,12208.95,88820603
2017-07-25,12228.32,12301.67,12211.14,12264.31,80623147
2017-07-26,12260.3,12341.03,12255.74,12305.11,81672596
2017-07-27,12230.09,12293.9,12176.02,12212.04,102838884
2017-07-28,12151.38,12183.77,12098.57,12162.7,93127166
2017-07-31,12141.53,12210.3,12097.36,12118.25,89281663
2017-08-01,12147.89,12302.38,12092.06,12251.29,89613760
2017-08-02,12269.9,12275,12153.54,12181.48,88385900
2017-08-03,12130.76,12184.6,12099.13,12154.72,81423082
2017-08-04,12138.09,12321.98,12123.66,12297.72,98570828
2017-08-07,12305.74,12336,12225.77,12257.17,68055872
2017-08-08,12239.78,12329.97,12184.59,12292.05,71153994
2017-08-09,12191.37,12227.52,12100.12,12154,118225703
2017-08-10,12158.69,12158.92,11993.73,12014.3,97856419
2017-08-11,11961.6,12046.89,11934.92,12014.06,93890711
2017-08-14,12100.17,12195.43,12097,12165.12,80119628
2017-08-15,12208.3,12234.64,12156.87,12177.04,62176393
2017-08-16,12250.02,12301.4,12240.83,12263.86,66669907
2017-08-17,12236.6,12290.05,12184.27,12203.46,76445023
2017-08-18,12103.51,12178.09,12080.74,12165.19,90542955
2017-08-21,12105.72,12149.58,12021.7,12065.99,72152570
2017-08-22,12151.76,12234.79,12124.15,12229.34,68613917
2017-08-23,12227.23,12269.92,12155.74,12174.3,65936448
2017-08-24,12196.18,12254.75,12169.54,12180.83,64796015
2017-08-25,12194.73,12249.44,12132.5,12167.94,59298590
2017-08-28,12105.49,12173.53,12064.36,12123.47,35880492
2017-08-29,12031.12,12032.32,11868.84,11945.88,100900784
2017-08-30,12026.45,12040.82,11989.61,12002.47,59025973
2017-08-31,12098.57,12115.55,12034.18,12055.84,80723135
2017-09-01,12101.15,12191.23,12085.31,12142.64,75806821
2017-09-04,12051.8,12138.41,12050.53,12102.21,45046738
2017-09-05,12125.42,12210.25,12100.26,12123.71,67683709
2017-09-06,12071.9,12260.76,12066.84,12214.54,85600783
2017-09-07,12284.14,12363.6,12265.51,12296.63,96596296
2017-09-08,12261.81,12321.61,12245.33,12303.98,63294476
2017-09-11,12381.52,12481.77,12381.33,12475.24,79196243
2017-09-12,12527.44,12558.03,12512.59,12524.77,87717785
2017-09-13,12489.25,12565.85,12489.25,12553.57,82355103
2017-09-14,12524.12,12552.16,12499.55,12540.45,85606660
2017-09-15,12525.36,12561.35,12506.94,12518.81,197944166
2017-09-18,12593.55,12613.56,12537.07,12559.39,60151057
2017-09-19,12556.46,12566.2,12527.9,12561.79,76516417
2017-09-20,12550.92,12593.25,12518.22,12569.17,104832842
2017-09-21,12601.95,12621.28,12582.04,12600.03,103930257
2017-09-22,12569.66,12646.56,12568.8,12592.35,78836138
2017-09-25,12573.35,12633.06,12564.84,12594.81,81068754
2017-09-26,12557.44,12629.93,12551.87,12605.2,75452455
2017-09-27,12630.4,12685.19,12625.55,12657.41,82220901
2017-09-28,12682.37,12708.7,12666.03,12704.65,87574718
2017-09-29,12725.87,12828.86,12722.38,12828.86,108145117
2017-10-02,12866.27,12902.65,12849.59,12902.65,74924310
2017-10-04,12955.89,12976.24,12893.75,12970.52,118792450
2017-10-05,12950.18,12969.4,12933.56,12968.05,80961271
2017-10-06,12979.34,12993.53,12941.15,12955.94,75287613
2017-10-09,12975.86,12996.64,12943.55,12976.4,62755997
2017-10-10,12959.72,12980.45,12909.28,12949.25,67271693
2017-10-11,12965.28,12976.32,12925.24,12970.68,75121023
2017-10-12,12977.27,13002.34,12945.07,12982.89,76552199
2017-10-13,12995.08,13036.74,12964.35,12991.87,70252541
2017-10-16,13017.18,13026.45,13000.38,13003.7,56348908
2017-10-17,12995.84,13034.42,12967.35,12995.06,70289433
2017-10-18,13012.8,13094.76,13003.92,13043.03,65707729
2017-10-19,13036.28,13042.62,12911.58,12990.1,82339157
2017-10-20,13057.78,13063.57,12956.42,12991.28,83568262
2017-10-23,13014.57,13069.4,12973.43,13003.14,61435261
2017-10-24,12998.66,13055.65,12983.38,13013.19,97334771
2017-10-25,12998.44,13049.47,12931.22,12953.41,95715793
2017-10-26,12955.43,13144.65,12940.83,13133.28,114137075
2017-10-27,13186.55,13249.03,13186.55,13217.54,107733635
2017-10-30,13227.85,13255.38,13214.6,13229.57,73875608
2017-11-01,13342.44,13488.59,13341.3,13465.51,128684634
2017-11-02,13448.52,13460.86,13405.91,13440.93,97088698
2017-11-03,13476.53,13505.01,13430.22,13478.86,90110224
2017-11-06,13459.42,13481.23,13441.66,13468.79,92566582
2017-11-07,13517.98,13525.56,13369.85,13379.27,89108999
2017-11-08,13404.58,13419.77,13345.11,13382.42,106478110
2017-11-09,13378.96,13402.05,13175.22,13182.56,145236280
2017-11-10,13206.35,13216.97,13111.65,13127.47,118344903
2017-11-13,13150.78,13163.94,12960.65,13074.42,104959202
2017-11-14,13101.09,13139.27,13000.15,13033.48,94212759
2017-11-15,12963.09,12996.12,12847.88,12976.37,136220662
2017-11-16,13024.39,13071.94,13008.02,13047.22,103015196
2017-11-17,13051.71,13089.72,12984.67,12993.73,103960919
2017-11-20,12932.81,13085.17,12926.13,13058.66,93225695
2017-11-21,13042.94,13209.01,13026.77,13167.54,103661261
2017-11-22,13171.36,13191.96,13008.97,13015.04,82725162
2017-11-23,12943.49,13049.08,12921.15,13008.55,71215554
2017-11-24,13023.52,13160.81,12981.68,13059.84,65853334
2017-11-27,13036.74,13117.76,12989.37,13000.2,66057934
2017-11-28,13008.94,13071.01,12966.38,13059.53,67910169
2017-11-29,13153.74,13196.15,13037.34,13061.87,95713870
2017-11-30,13060.56,13177.57,13023.98,13023.98,129442114
2017-12-01,13044.15,13064.29,12810.13,12861.49,117405686
2017-12-04,13038.77,13117.75,12974.32,13058.55,88222053
2017-12-05,13056.82,13094.38,12960.59,13048.54,83685682
2017-12-06,12897.43,13033.75,12864.68,12998.85,87031680
2017-12-07,13026.3,13083.08,12989,13045.15,78558945
2017-12-08,13146.82,13240.92,13136.78,13153.7,106951658
2017-12-11,13181.85,13192.42,13112.82,13123.65,73469995
2017-12-12,13131.41,13183.83,13079.86,13183.53,78654600
2017-12-13,13148.52,13188.07,13120.4,13125.64,122704412
2017-12-14,13107.11,13159.48,13011.97,13068.08,124876060
2017-12-15,13027.84,13109.13,13008.07,13103.56,187970928
2017-12-18,13211.63,13331.95,13206.12,13312.3,96197093
2017-12-19,13314.73,13338.91,13213.19,13215.79,75890098
2017-12-20,13244.27,13252.67,13026.11,13069.17,82141551
2017-12-21,13065.79,13137.71,13013.63,13109.74,72363100
2017-12-22,13076.76,13108.56,13059.87,13072.79,54386911
2017-12-27,13070.19,13128.74,13020.43,13070.02,45964315
2017-12-28,13065.46,13069.4,12965.28,12979.94,44365261
2017-12-29,12980.09,12980.74,12911.73,12917.64,43327473
2018-01-02,12897.69,12924.16,12745.15,12871.39,88487813
2018-01-03,12916.18,13023.59,12893.05,12978.21,87242718
2018-01-04,13065.98,13208.35,13062.67,13167.89,103899844
2018-01-05,13219.11,13332.8,13219.11,13319.64,115621245
2018-01-08,13399.62,13407.82,13334.16,13367.78,97642998
2018-01-09,13383.26,13425.02,13361.22,13385.59,97147833
2018-01-10,13355.28,13377.88,13227.57,13281.34,123608400
2018-01-11,13281.2,13298.65,13151.84,13202.9,113292293
2018-01-12,13241.28,13265.14,13168.01,13245.03,90322748
2018-01-15,13244.37,13250.37,13173.71,13200.51,59992424
2018-01-16,13228.6,13351.09,13196.56,13246.33,88129176
2018-01-17,13200.92,13251.44,13137.51,13183.96,90379032
2018-01-18,13250.25,13293.29,13201.34,13281.43,92200087
2018-01-19,13297.74,13445.47,13294.81,13434.45,111062476
2018-01-22,13435.14,13470.05,13410.96,13463.69,98010314
2018-01-23,13577.14,13596.89,13517.81,13559.6,99969164
2018-01-24,13572.71,13576.84,13414.74,13414.74,107852833
2018-01-25,13374.38,13443.36,13222.47,13298.36,108655632
2018-01-26,13297.51,13348.69,13268.31,13340.17,77883524
2018-01-29,13358.9,13370.02,13274.84,13324.48,80973714
2018-01-30,13223.97,13309.86,13171.91,13197.71,118222999
2018-01-31,13210.76,13268.41,13159.35,13189.48,115001092
2018-02-01,13235.15,13301.41,12971.78,13003.9,126079313
2018-02-02,12954.59,12954.59,12782.07,12785.16,144405695
2018-02-05,12687.79,12752.6,12622.44,12687.49,116920430
2018-02-06,12232.86,12550.16,12232.86,12392.66,210251418
2018-02-07,12478.68,12651.28,12414.84,12590.43,157687828
2018-02-08,12506.18,12541.32,12187.45,12260.29,158246391
2018-02-09,12263.1,12296.18,12003.36,12107.48,180322045
2018-02-12,12238.63,12379.16,12222.34,12282.77,123244383
2018-02-13,12282.76,12300.63,12196.22,12196.5,97277664
2018-02-14,12294.85,12393.71,12075.21,12339.16,134304449
2018-02-15,12425.45,12479.97,12275.04,12346.17,115104648
2018-02-16,12408.48,12484.12,12368.71,12451.96,106999232
2018-02-19,12495.07,12505.49,12361.86,12385.6,68711961
2018-02-20,12403.63,12496.1,12333.79,12487.9,89497953
2018-02-21,12457.22,12474.37,12372.26,12470.49,85619834
2018-02-22,12358.82,12497.71,12283.7,12461.91,107098366
2018-02-23,12491.77,12513.32,12431.94,12483.79,100674835
2018-02-26,12566.05,12601.46,12484.59,12527.04,80336624
2018-02-27,12573.65,12577.56,12436.13,12490.73,92343094
2018-02-28,12427.46,12516.92,12417.96,12435.85,95972886
2018-03-01,12386.4,12387.88,12143.14,12190.94,116577926
2018-03-02,12051.89,12081.4,11877.66,11913.71,123526763
2018-03-05,11831.57,12110.18,11830.98,12090.87,112907941
2018-03-06,12229.29,12259.58,12110.34,12113.87,107475269
2018-03-07,12060.09,12275.69,12020.61,12245.36,95454717
2018-03-08,12237.94,12382.69,12177.12,12355.57,100426532
2018-03-09,12331.64,12407.98,12284.57,12346.68,98673304
2018-03-12,12453.3,12454.96,12361.01,12418.39,140618237
2018-03-13,12425.69,12459.9,12162.47,12221.03,135549565
2018-03-14,12212.49,12322.89,12202.76,12237.74,107034787
2018-03-15,12284.14,12378.39,12239.96,12345.56,109590079
2018-03-16,12345.56,12454.02,12337.62,12389.58,218306268
2018-03-19,12346.51,12369.77,12183.79,12217.02,99635249
2018-03-20,12261.19,12320,12191.55,12307.33,74617816
2018-03-21,12336.76,12344.09,12250.37,12309.15,111981523
2018-03-22,12187.73,12267.17,12009.5,12100.08,142319559
2018-03-23,11995.51,12001.78,11818.7,11886.31,149646311
2018-03-26,11919.64,11984.5,11726.62,11787.26,102779009
2018-03-27,11996.35,12042.78,11927.91,11970.83,101501739
2018-03-28,11868.08,11961.16,11770.4,11940.71,116702254
2018-03-29,11956.34,12151.31,11942.28,12096.73,114172025
2018-04-03,11997.47,12069.48,11913.62,12002.45,97979611
2018-04-04,12000.47,12011.12,11792.35,11957.9,110191261
2018-04-05,12153.61,12322.37,12135.64,12305.19,112222647
2018-04-06,12242.94,12290.03,12202.05,12241.27,89658978
2018-04-09,12311.02,12371.11,12205.39,12261.75,79551849
2018-04-10,12389.9,12428.9,12334.95,12397.32,101910189
2018-04-11,12372.07,12381.53,12256.59,12293.97,101563647
2018-04-12,12282.39,12434.24,12263.7,12415.01,84303287
2018-04-13,12461.31,12523.97,12411.65,12442.4,78840337
2018-04-16,12478.99,12487.04,12375.63,12391.41,64842479
2018-04-17,12443.2,12614.25,12417.26,12585.57,87223541
2018-04-18,12597.58,12640.25,12548.45,12590.83,85124382
2018-04-19,12595.61,12595.61,12534.63,12567.42,72762791
2018-04-20,12555.96,12585.37,12490.77,12540.5,114636460
2018-04-23,12538.16,12588.23,12466.47,12572.39,80382459
2018-04-24,12602.41,12647.16,12481.3,12550.82,108974519
2018-04-25,12456.82,12484.78,12312.27,12422.3,110989366
2018-04-26,12395.9,12503.22,12383.95,12500.47,121289858
2018-04-27,12572.72,12627.71,12518.03,12580.87,109216647
2018-04-30,12606.27,12622.93,12563.74,12612.11,99103003
2018-05-02,12610.78,12827.54,12605.38,12802.25,113488057
2018-05-03,12775.66,12798.16,12665.33,12690.15,100924460
2018-05-04,12733.19,12819.6,12707.86,12819.6,97626495
2018-05-07,12827.43,12961.05,12813.55,12948.14,65559397
2018-05-08,12924.23,12933.67,12855.09,12912.21,94975814
2018-05-09,12917.82,12962.52,12890.38,12943.06,107774609
2018-05-10,12975.09,13034.21,12928.51,13022.87,74786472
2018-05-11,13023,13033.3,12964,13001.24,87690071
2018-05-14,13009.83,13015.1,12927.24,12977.71,79863323
2018-05-15,12947.97,13006.34,12918.29,12970.04,109415012
2018-05-16,12983.49,13030.76,12960.53,12996.33,107954675
2018-05-17,12985.14,13114.63,12981.89,13114.61,95826699
2018-05-18,13115.63,13133.19,13051.13,13077.72,127621312
2018-05-22,13132.56,13204.31,13061.77,13169.92,112648851
2018-05-23,13138.83,13148.05,12929.9,12976.84,108033062
2018-05-24,12955.94,13006.44,12801.82,12855.09,147732404
2018-05-25,12917.15,13002.47,12852.17,12938.01,106525044
2018-05-28,13016.55,13040.63,12828.26,12863.46,71640434
2018-05-29,12786.15,12803.29,12608.7,12666.51,158438956
2018-05-30,12693.33,12783.76,12663.37,12783.76,127589468
2018-05-31,12796.16,12803.6,12547.61,12604.89,188819712
2018-06-01,12678.07,12800.45,12660.79,12724.27,126691548
2018-06-04,12839.44,12846.26,12714.03,12770.75,86964888
2018-06-05,12766.16,12925.24,12753.3,12787.13,110517332
2018-06-06,12813.39,12872.9,12729.23,12830.07,110010492
2018-06-07,12877.85,12914.85,12760.54,12811.05,96860369
2018-06-08,12668.77,12795.64,12610.68,12766.55,118076314
2018-06-11,12816.32,12861.95,12751.66,12842.91,112256562
2018-06-12,12924.03,12948.52,12816.07,12842.3,103182741
2018-06-13,12857.16,12905.67,12781.23,12890.58,108747457
2018-06-14,12806.07,13135.97,12800.66,13107.1,139905014
2018-06-15,13115.85,13170.05,13010.54,13010.55,264366552
2018-06-18,12945.53,12982.92,12784.48,12834.11,90825213
2018-06-19,12647.07,12708.71,12594.51,12677.97,104966786
2018-06-20,12731.66,12760.2,12670.78,12695.16,91662816
2018-06-21,12699.71,12719.45,12472.98,12511.91,113631024
2018-06-22,12507.72,12579.72,12486.26,12579.72,85818212
2018-06-25,12497.48,12518.89,12270.33,12270.33,99100309
2018-06-26,12333.44,12355.86,12188.5,12234.34,99352840
2018-06-27,12247.75,12439.91,12124.87,12348.61,132391713
2018-06-28,12289.81,12375.37,12104.41,12177.23,110178818
2018-06-29,12322.64,12382.87,12260.91,12306,118100007
2018-07-02,12147.94,12301.93,12132.72,12238.17,96830734
2018-07-03,12321.07,12428.14,12278.39,12349.14,96367209
2018-07-04,12323.75,12350.68,12284.56,12317.61,80508630
2018-07-05,12363.05,12516.51,12361.86,12464.29,118097389
2018-07-06,12506.27,12508.08,12426.4,12496.17,122799199
2018-07-09,12542.25,12559.29,12490.69,12543.89,77302335
2018-07-10,12580.31,12639.79,12530.71,12609.85,84479908
2018-07-11,12506.99,12514.75,12398.47,12417.13,86820563
2018-07-12,12464.06,12505.2,12408.63,12492.97,75129580
2018-07-13,12549.23,12583.79,12499.3,12540.73,82393196
2018-07-16,12530.98,12604.24,12506.99,12561.02,99842952
2018-07-17,12566.97,12688.5,12522.05,12661.54,94500457
2018-07-18,12728.41,12778.96,12715.52,12765.94,90609202
2018-07-19,12740.68,12759.42,12658.37,12686.29,77623324
2018-07-20,12664.45,12706.84,12469.5,12561.42,109690442
2018-07-23,12510.23,12565.12,12489.33,12548.57,67084407
2018-07-24,12590.79,12755.27,12585.91,12689.39,93689976
2018-07-25,12685.68,12695.12,12538.12,12579.33,83460812
2018-07-26,12732.88,12827.71,12701.56,12809.23,108414148
2018-07-27,12825.75,12886.83,12815.12,12860.4,98741328
2018-07-30,12822.87,12848.95,12798.2,12798.2,73265203
2018-07-31,12809.74,12860.59,12739.83,12805.5,109912232
2018-08-01,12826.7,12833.11,12706.34,12737.05,96890125
2018-08-02,12617.63,12619.6,12493.2,12546.33,108897982
2018-08-03,12572.61,12644.52,12561.62,12615.76,82702313
2018-08-06,12631.4,12715.78,12538.35,12598.21,67090609
2018-08-07,12656.87,12738.53,12646.16,12648.19,89844086
2018-08-08,12622.98,12704.58,12586.23,12633.54,91952347
2018-08-09,12623.14,12696.52,12577.34,12676.11,73672968
2018-08-10,12574.2,12585.83,12390.4,12424.35,123841545
2018-08-13,12346.75,12396.86,12323.2,12358.74,95437703
2018-08-14,12444.63,12461.82,12294.9,12358.87,84574362
2018-08-15,12400.27,12428.56,12120.65,12163.01,102440104
2018-08-16,12202.13,12251.4,12168.92,12237.17,83773771
2018-08-17,12242.06,12244.67,12135.64,12210.55,88408855
2018-08-20,12263.01,12373.36,12245.56,12331.3,61496942
2018-08-21,12320.56,12432.66,12316.35,12384.49,70700518
2018-08-22,12355.53,12438.66,12345.32,12385.7,79667169
2018-08-23,12367.48,12411.01,12353.55,12365.58,65451574
2018-08-24,12396.69,12444.35,12344.45,12394.52,60845873
2018-08-27,12462.75,12562.37,12429.34,12538.31,53645966
2018-08-28,12578.65,12597.02,12527.42,12527.42,74392007
2018-08-29,12553.86,12569.06,12499.53,12561.68,59323267
2018-08-30,12516.55,12529.3,12400.12,12494.24,75619155
2018-08-31,12418.26,12426.86,12348.91,12364.06,93032883
2018-09-03,12338.36,12358.17,12300.47,12346.41,51995435
2018-09-04,12389.46,12402.87,12162.71,12210.21,86534833
2018-09-05,12161.65,12167.36,12035.76,12040.46,111731670
2018-09-06,11995.81,12091.98,11944.5,11955.25,90072570
2018-09-07,11960.1,11990.81,11888.57,11959.63,104602225
2018-09-10,11950.55,12039.22,11930.3,11986.34,83564822
2018-09-11,12013.01,12017.73,11865.47,11970.27,95134959
2018-09-12,11989.27,12046.66,11952.49,12032.3,113559742
2018-09-13,12036.79,12129.81,12017.41,12055.55,99444962
2018-09-14,12109.37,12134.54,12075.58,12124.33,79712979
2018-09-17,12056.38,12123.09,12040.8,12096.41,70310901
2018-09-18,12097.19,12184.41,12064.41,12157.67,86006618
2018-09-19,12168.2,12241.14,12165.08,12219.02,101663011
2018-09-20,12210.95,12354.38,12210.57,12326.48,112552792
2018-09-21,12402.72,12458.3,12373.95,12430.88,403313360
2018-09-24,12383.42,12409.96,12349.3,12350.82,82834426
2018-09-25,12341.85,12416.87,12322.19,12374.66,91886406
2018-09-26,12395.2,12395.92,12329.52,12385.89,81243070
2018-09-27,12329.4,12456.69,12272.65,12435.59,99851170
2018-09-28,12381.36,12394.16,12190.57,12246.73,127006294
2018-10-01,12265.89,12373.29,12263.1,12339.03,83419286
2018-10-02,12229.07,12310.76,12203.6,12287.58,90425141
2018-10-04,12275.07,12348.86,12174.69,12244.14,113056909
2018-10-05,12236.29,12245.41,12103.55,12111.9,99656546
2018-10-08,12044.96,12072.27,11938.8,11947.16,85463979
2018-10-09,11963.63,11998.64,11803.19,11977.22,83619833
2018-10-10,11976.7,11978.8,11712.27,11712.5,114189575
2018-10-11,11558.98,11700.5,11518.56,11539.35,154079648
2018-10-12,11691.47,11693.84,11514.55,11523.81,107079049
2018-10-15,11523.81,11625.02,11459.08,11614.16,78063536
2018-10-16,11637.62,11790.15,11606.97,11776.55,92599882
2018-10-17,11811.47,11847.79,11669.96,11715.03,99721921
2018-10-18,11695.19,11791.22,11586.32,11589.21,104790923
2018-10-19,11578.85,11617.28,11498.69,11553.83,141141622
2018-10-22,11665.68,11677.45,11497.09,11524.34,79876368
2018-10-23,11367.57,11394.21,11228.5,11274.28,124575866
2018-10-24,11298.65,11391.94,11166.84,11191.63,127206985
2018-10-25,11098.68,11324.92,11078.37,11307.12,127756799
2018-10-26,11180.96,11205.83,11051.04,11200.62,127110314
2018-10-29,11270.67,11444.86,11218.92,11335.48,105924208
2018-10-30,11391.78,11394.37,11212.58,11287.39,106973354
2018-10-31,11417.09,11499.38,11391.64,11447.51,135887927
2018-11-01,11419.61,11575.43,11416.36,11468.54,105147926
2018-11-02,11636.37,11689.96,11518.87,11518.99,117225334
2018-11-05,11522.33,11555.97,11479.19,11494.96,73672221
2018-11-06,11518.17,11528.52,11436.53,11484.34,93585706
2018-11-07,11542.09,11634.81,11532.34,11579.1,94120345
2018-11-08,11629,11648.79,11503.36,11527.32,104206164
2018-11-09,11489.19,11549.06,11418.35,11529.16,118784314
2018-11-12,11591.59,11598.51,11310.72,11325.44,103776670
2018-11-13,11374.11,11495.69,11349.94,11472.22,107882111
2018-11-14,11393.77,11566.79,11315.51,11412.53,113646285
2018-11-15,11447.84,11500.66,11254.92,11353.67,106001873
2018-11-16,11425.8,11448.56,11233.21,11341,123050177
2018-11-19,11384,11419.55,11231.59,11244.54,83448218
2018-11-20,11157.65,11187.16,11009.25,11066.41,125276761
2018-11-21,11138.25,11257.83,11113.34,11244.17,97099282
2018-11-22,11216.29,11221.77,11119.04,11138.49,69122274
2018-11-23,11146.55,11205.99,11093.52,11192.69,67272627
2018-11-26,11315.9,11390.93,11301.82,11354.72,97947995
2018-11-27,11380.79,11400.05,11264.65,11309.11,82603195
2018-11-28,11355.8,11357.12,11279.85,11298.88,77933210
2018-11-29,11377.36,11403.06,11276.04,11298.23,98911865
2018-11-30,11311.66,11315.3,11208.6,11257.24,120032263
2018-12-03,11534.75,11566.97,11457.61,11465.46,108597664
2018-12-04,11429.82,11442.19,11330.44,11335.32,91427373
2018-12-05,11204.32,11266.28,11177.15,11200.24,80206793
2018-12-06,11053.58,11063.44,10762.41,10810.98,144885457
2018-12-07,10876.34,10927.37,10788.09,10788.09,110842288
2018-12-10,10726.17,10757.73,10585.77,10622.07,131877455
2018-12-11,10711.4,10884.62,10684.62,10780.51,112161553
2018-12-12,10832.04,10971.12,10815.51,10929.43,124269401
2018-12-13,10978.68,10988.77,10887.26,10924.7,99815166
2018-12-14,10809.58,10903.39,10733.75,10865.77,94014888
2018-12-17,10852.99,10886.8,10700.62,10772.2,95497750
2018-12-18,10744.28,10841.42,10714.97,10740.89,109917196
2018-12-19,10777.42,10831.44,10749.55,10766.21,106911339
2018-12-20,10621.18,10686.37,10563.44,10611.1,137877930
2018-12-21,10573.08,10654.66,10512.64,10633.82,242675070
2018-12-27,10607.42,10635.45,10279.2,10381.51,115292707
2018-12-28,10452.02,10586.8,10431.38,10558.96,60785772
2019-01-02,10477.77,10612.72,10386.97,10580.19,88647113
2019-01-03,10467.11,10538.66,10400.11,10416.66,94224637
2019-01-04,10533.94,10786.34,10483.9,10767.69,107631181
2019-01-07,10814.39,10814.47,10681.27,10747.81,79833900
2019-01-08,10750.19,10910.71,10745.03,10803.98,103258308
2019-01-09,10884.75,10961.92,10839.09,10893.32,105708361
2019-01-10,10843.89,10927.13,10788.05,10921.59,83397789
2019-01-11,10949.13,10959,10829.92,10887.46,85086032
2019-01-14,10820.85,10886.23,10786.75,10855.91,71938713
2019-01-15,10962.95,10994.83,10812.59,10891.79,90121776
2019-01-16,10940.36,10947.87,10866.39,10931.24,94168151
2019-01-17,10852.5,10929.3,10822.25,10918.62,90585670
2019-01-18,11001.31,11216.82,10993.83,11205.54,132199117
2019-01-21,11176.12,11179.91,11125.53,11136.2,71819395
2019-01-22,11076.98,11142.22,11034.55,11090.11,78988180
2019-01-23,11043.64,11135.75,11007.21,11071.54,96800532
2019-01-24,11045.64,11149.32,11032.53,11130.18,120905909
2019-01-25,11234.05,11321.62,11218.35,11281.79,108738648
2019-01-28,11233.16,11275.21,11196.42,11210.31,81715205
2019-01-29,11191.52,11276.28,11159.17,11218.83,81122144
2019-01-30,11210.68,11215.21,11132.38,11181.66,74290819
2019-01-31,11257.92,11311.37,11051.11,11173.1,129779779
2019-02-01,11198.46,11218.51,11116.08,11180.66,104516987
2019-02-04,11180.42,11209.31,11100.34,11176.58,73680791
2019-02-05,11178.75,11371.74,11177.7,11367.98,95740453
2019-02-06,11337.54,11347.94,11297.42,11324.72,81359101
2019-02-07,11262.97,11286.46,11022.02,11022.02,113898523
2019-02-08,10991.79,11045.41,10863.56,10906.78,101805120
2019-02-11,10955.83,11041.95,10944.58,11014.59,76441732
2019-02-12,11123.43,11164.38,11116.86,11126.08,78932395
2019-02-13,11174.85,11217.3,11125.59,11167.22,77025692
2019-02-14,11257.8,11260.55,11077.78,11089.79,97752847
2019-02-15,11044.8,11323.05,11018.95,11299.8,122377648
2019-02-18,11287.74,11318.19,11256.27,11299.2,60484980
2019-02-19,11280.73,11371.44,11244.52,11309.21,76527260
2019-02-20,11338.74,11437.47,11318.74,11401.97,77674070
2019-02-21,11448.65,11454.44,11392.27,11423.28,86944581
2019-02-22,11422.62,11504.71,11420.74,11457.7,72867195
2019-02-25,11517.76,11544.31,11480.49,11505.39,74124120
2019-02-26,11446.29,11556.87,11441.87,11540.79,80084741
2019-02-27,11493.81,11521.22,11442.97,11487.33,96827830
2019-02-28,11431.53,11524.92,11419.4,11515.64,97238652
2019-03-01,11584.24,11676.86,11583.08,11601.68,84233218
2019-03-04,11646.21,11650.44,11591.74,11592.66,66846261
2019-03-05,11570.97,11627.78,11551.45,11620.74,71930465
2019-03-06,11593.21,11652.77,11565.22,11587.63,73392391
2019-03-07,11546.42,11612.95,11452.86,11517.8,114442939
2019-03-08,11429.77,11475.55,11405.21,11457.84,90978420
2019-03-11,11497.98,11550.59,11462.9,11543.48,84907367
2019-03-12,11612.46,11618.73,11499.47,11524.17,99821650
2019-03-13,11499.32,11586.9,11486.74,11572.41,84094074
2019-03-14,11573.42,11635.76,11541.1,11587.47,95046765
2019-03-15,11608.67,11725.66,11575.33,11685.69,206510720
2019-03-18,11685.54,11712.36,11635.88,11657.06,75508619
2019-03-19,11672.76,11823.29,11652.02,11788.41,94580655
2019-03-20,11704.44,11721.41,11596.2,11603.89,109193454
2019-03-21,11566.87,11582.54,11467.79,11549.96,103657574
2019-03-22,11578.39,11623.97,11356.49,11364.17,125871403
2019-03-25,11323.2,11392,11312.54,11346.65,83648774
2019-03-26,11374.18,11447.13,11299.8,11419.48,85825517
2019-03-27,11439.02,11502.35,11368.13,11419.04,117815619
2019-03-28,11422.16,11494.15,11414.66,11428.16,101158888
2019-03-29,11492.09,11549.42,11442.12,11526.04,98591611
2019-04-01,11617.18,11706.64,11612.7,11681.99,106963647
2019-04-02,11703.24,11777.65,11659.15,11754.79,85435878
2019-04-03,11855.4,11961.36,11854.21,11954.4,104980390
2019-04-04,11924.61,12029.26,11916.57,11988.01,93925144
2019-04-05,11993.22,12024.23,11967.7,12009.75,86206625
2019-04-08,11979.73,11989.59,11948.26,11963.4,74279992
2019-04-09,11927.01,11988.53,11850.57,11850.57,73850034
2019-04-10,11864.46,11937.11,11863.8,11905.91,77669594
2019-04-11,11914.51,11963.43,11846.6,11935.2,87674012
2019-04-12,11912.58,12031.15,11889.99,11999.93,101098224
2019-04-15,12011.11,12029.98,11983.33,12020.28,72797610
2019-04-16,12026.74,12116.25,12025.66,12101.32,91165283
2019-04-17,12100.44,12195,12086.89,12153.07,111106988
2019-04-18,12138.14,12243.63,12100,12222.39,115191054
2019-04-23,12224.32,12251.81,12182.98,12235.51,81740181
2019-04-24,12232.99,12349.83,12223.98,12313.16,107726587
2019-04-25,12304.53,12321.79,12236.14,12282.6,108083677
2019-04-26,12284.46,12323.64,12259.76,12315.18,97432211
2019-04-29,12308.98,12376.06,12266.34,12328.02,76857783
2019-04-30,12313.97,12345.31,12281.72,12344.08,87874134
2019-05-02,12349.1,12402.87,12303.96,12345.42,102399367
2019-05-03,12345.32,12435.67,12344.23,12412.75,83423121
2019-05-06,12171.9,12298.66,12135.42,12286.88,91783011
2019-05-07,12298.71,12319.05,12056.8,12092.74,114024334
2019-05-08,12110.87,12208.48,12063.74,12179.93,102557956
2019-05-09,12098.02,12125.96,11957.31,11973.92,116556294
2019-05-10,12105.28,12140.61,12009.75,12059.83,148186963
2019-05-13,12044.1,12052.93,11844.47,11876.65,113903397
2019-05-14,11908.77,11991.83,11897.93,11991.62,118641151
2019-05-15,12018.45,12099.57,11862.21,12099.57,132211968
2019-05-16,12077.36,12310.37,12030.3,12310.37,112220317
2019-05-17,12252.68,12270.89,12150.33,12238.94,107699980
2019-05-20,12226.85,12246.5,11993.91,12041.29,110330619
2019-05-21,12111.8,12178.25,12066.9,12143.47,94600056
2019-05-22,12141.46,12211.03,12055.5,12168.74,93090054
2019-05-23,12064.29,12082.75,11926.34,11952.41,122014122
2019-05-24,12027.31,12082.05,11990.79,12011.04,87930356
2019-05-27,12077.88,12124.55,12050.49,12071.18,46415309
2019-05-28,12100.39,12113.31,11992.41,12027.05,142966538
2019-05-29,11906.02,11927.64,11828.75,11837.81,95008593
2019-05-30,11885.07,11924.66,11858.29,11902.08,50943618
2019-05-31,11742.21,11755.12,11662.07,11726.84,102071824
2019-06-03,11661.12,11793.63,11620.64,11792.81,108041077
2019-06-04,11716.55,11987.89,11713.87,11971.17,112785562
2019-06-05,11981.18,12057.73,11928.87,11980.81,86919144
2019-06-06,11987.92,12076.95,11899.82,11953.14,98110259
2019-06-07,12003.92,12096.61,11987.17,12045.38,86196131
2019-06-11,12133.6,12227.4,12117.34,12155.81,101374272
2019-06-12,12093.98,12132.28,12068.11,12115.68,75756409
2019-06-13,12095.21,12201.78,12079.6,12169.05,73505318
2019-06-14,12124.36,12136.65,12049.76,12096.4,73877659
2019-06-17,12112.47,12124.68,12059.92,12085.82,88343591
2019-06-18,12069.37,12358,11987.55,12331.75,161114290
2019-06-19,12321.43,12346.7,12291.19,12308.53,108513576
2019-06-20,12409.58,12438.37,12355.39,12355.39,101635026
2019-06-21,12351.98,12425.2,12316.41,12339.92,220976529
2019-06-24,12308.11,12341.56,12250.71,12274.57,93644820
2019-06-25,12226.88,12284.57,12213.41,12228.44,78509487
2019-06-26,12210.52,12315.84,12189.49,12245.32,93625544
2019-06-27,12308.26,12334.57,12209.34,12271.03,90835165
2019-06-28,12302.77,12408.22,12297.63,12398.8,104346886
2019-07-01,12616.34,12619.68,12519.3,12521.38,96458302
2019-07-02,12546.93,12548.22,12484.26,12526.72,71892249
2019-07-03,12548.3,12631.81,12545.79,12616.24,76562974
2019-07-04,12644.35,12656.05,12616.29,12629.9,58461654
2019-07-05,12632.12,12632.12,12522.11,12568.53,85734167
2019-07-08,12541.18,12587.44,12507.72,12543.51,97635804
2019-07-09,12436.97,12477.58,12364.16,12436.55,109793939
2019-07-10,12412.99,12448.81,12356.8,12373.41,86237247
2019-07-11,12401.02,12417.93,12307.34,12332.12,80164584
2019-07-12,12318.5,12354.87,12304.98,12323.32,85157903
2019-07-15,12346.59,12434.14,12301.08,12387.34,73081982
2019-07-16,12392.19,12465.19,12366.97,12430.97,79013383
2019-07-17,12429.87,12453.33,12324.33,12341.03,78822533
2019-07-18,12194.33,12296.3,12172.59,12227.85,79250361
2019-07-19,12302.64,12340.11,12211.67,12260.07,85759537
2019-07-22,12243.58,12346.02,12236.7,12289.4,61708451
2019-07-23,12384.66,12531.16,12369.19,12490.74,101625381
2019-07-24,12510.52,12550.34,12476.55,12522.89,99229129
2019-07-25,12576.02,12599.93,12299.1,12362.1,128560807
2019-07-26,12363.86,12428.05,12356.15,12419.9,75609356
2019-07-29,12398.29,12473.97,12387.58,12417.47,68772600
2019-07-30,12398.24,12404.51,12115.28,12147.24,126343016
2019-07-31,12149.09,12226.49,12139.03,12189.04,97983742
2019-08-01,12134.71,12254.03,12129.33,12253.15,94365195
2019-08-02,12033.68,12034.91,11836.75,11872.44,151112945
2019-08-05,11758.44,11797.52,11628.57,11658.51,125651798
2019-08-06,11690.27,11748.83,11567.96,11567.96,90668864
2019-08-07,11636.34,11747.74,11559.76,11650.15,128072241
2019-08-08,11752.96,11845.41,11683.99,11845.41,116090872
2019-08-09,11806.82,11865.63,11674.11,11693.8,121470064
2019-08-12,11801.06,11836.97,11647.01,11679.68,86028309
2019-08-13,11632.85,11835.88,11539.63,11750.13,125812607
2019-08-14,11758.75,11759.57,11459.37,11492.66,118831997
2019-08-15,11522.46,11530.01,11266.48,11412.67,125758008
2019-08-16,11460.65,11578.84,11447.34,11562.74,133089078
2019-08-19,11679.72,11759,11625.67,11715.37,85520595
2019-08-20,11711.78,11764.93,11618.93,11651.18,75766542
2019-08-21,11673.66,11824.66,11673.37,11802.85,64908012
2019-08-22,11756.21,11853.14,11715.26,11747.04,78672135
2019-08-23,11805.48,11823.12,11611.51,11611.51,92990925
2019-08-26,11619.66,11696.78,11551.99,11658.04,62642662
2019-08-27,11638.51,11778.62,11616.09,11730.02,85064646
2019-08-28,11704.67,11717.79,11573.64,11701.02,64699764
2019-08-29,11686.84,11853.91,11661.73,11838.88,81494737
2019-08-30,11850.3,11989.44,11845.16,11939.28,76624441
2019-09-02,11939.99,11994.11,11929.91,11953.78,48943072
2019-09-03,11921.94,11956.69,11869.28,11910.86,70537001
2019-09-04,12043.96,12078.4,11999.83,12025.04,67926616
2019-09-05,12117.9,12151.31,12084.17,12126.78,94567981
2019-09-06,12146,12205.1,12131.29,12191.73,86571345
2019-09-09,12210.87,12245.11,12189.6,12226.1,80161147
2019-09-10,12210.88,12292.14,12179.88,12268.71,117781805
2019-09-11,12341.84,12394.28,12317.61,12359.07,100238114
2019-09-12,12399.4,12471.83,12311.81,12410.25,122037218
2019-09-13,12412.72,12494.25,12408.93,12468.53,102841061
2019-09-16,12387.68,12421.25,12362.98,12380.31,88040629
2019-09-17,12370.96,12392.97,12303.51,12372.61,88341181
2019-09-18,12361.23,12416.05,12354.49,12389.62,71233546
2019-09-19,12355.92,12466.78,12354.83,12457.7,86977796
2019-09-20,12462.57,12490.84,12418.5,12468.01,183378529
2019-09-23,12432.3,12441.02,12264.14,12342.33,99813761
2019-09-24,12368.96,12375.31,12307.15,12307.15,70709118
2019-09-25,12250.08,12261.06,12141.82,12234.18,85620673
2019-09-26,12227.77,12313.15,12223.29,12288.54,88649376
2019-09-27,12327.79,12404.47,12324.71,12380.94,77940250
2019-09-30,12367.81,12441.03,12346.94,12428.08,78741458
2019-10-01,12469.67,12497.28,12263.83,12263.83,91040572
2019-10-02,12221.74,12226.86,11925.25,11925.25,106464357
2019-10-04,11958.31,12012.91,11878.98,12012.81,99927808
2019-10-07,12008.77,12105.09,11969.32,12097.43,73684557
2019-10-08,12097.89,12097.94,11933.02,11970.2,93933772
2019-10-09,11973.82,12165.53,11953.12,12094.26,74878914
2019-10-10,12082.89,12202.71,12029.46,12164.2,102763418
2019-10-11,12248.88,12511.65,12240.94,12511.65,117308568
2019-10-14,12468.78,12495.24,12387.95,12486.56,66813642
2019-10-15,12565.68,12682.4,12511.9,12629.79,93830196
2019-10-16,12644.18,12698.37,12603.83,12670.11,113827666
2019-10-17,12655.32,12814.49,12647.86,12654.95,109349980
2019-10-18,12637.01,12700.38,12603.17,12633.6,92062421
2019-10-21,12661.93,12787.35,12646.28,12747.96,94141384
2019-10-22,12757.73,12791.31,12730.7,12754.69,86397885
2019-10-23,12702.92,12819.22,12699.85,12798.19,85795390
2019-10-24,12860.63,12914.24,12820.67,12872.1,95715219
2019-10-25,12886.42,12895.85,12834,12894.51,58952038
2019-10-28,12897.4,12986.49,12892.84,12941.71,69024077
2019-10-29,12946.34,12951.88,12897.34,12939.62,76593910
2019-10-30,12929.42,12944.26,12830.33,12910.23,100397429
2019-10-31,12937.59,12953.34,12795.09,12866.79,100660900
2019-11-01,12912.09,12992.07,12896.72,12961.05,65905381
2019-11-04,13022.95,13171.17,13019.18,13136.28,84782354
2019-11-05,13134.33,13166.08,13112.65,13148.5,83190419
2019-11-06,13150.94,13187.66,13110.91,13179.89,80045585
2019-11-07,13258.26,13300.76,13227.37,13289.46,117100572
2019-11-08,13248.62,13278.18,13195.83,13228.56,95599185
2019-11-11,13170.18,13225.62,13144.09,13198.37,72597180
2019-11-12,13243.53,13308.26,13214.66,13283.51,82741364
2019-11-13,13244.05,13273.82,13139.25,13230.07,77193800
2019-11-14,13198.33,13219.3,13159.69,13180.23,81582668
2019-11-15,13261.72,13261.72,13172.89,13241.75,81039788
2019-11-18,13255.78,13282.41,13137.88,13207.01,69775214
2019-11-19,13235.28,13374.27,13187.91,13221.12,68664212
2019-11-20,13127.45,13182.22,13071.33,13158.14,68735334
2019-11-21,13083,13171.85,13043.9,13137.7,74515753
2019-11-22,13145.77,13244.57,13120.63,13163.88,74716242
2019-11-25,13247.51,13268.97,13210.25,13246.45,54920184
2019-11-26,13256.4,13261.98,13193.75,13236.42,89580084
2019-11-27,13291.09,13314.92,13219.43,13287.07,67304331
2019-11-28,13247.61,13259.29,13215.71,13245.58,36771003
2019-11-29,13179.25,13290.33,13165.07,13236.38,71753741
2019-12-02,13264.93,13338.25,12954.5,12964.68,105692185
2019-12-03,13039.61,13086.03,12927.07,12989.29,87003124
2019-12-04,12998.66,13157.36,12995.32,13140.57,68441918
2019-12-05,13144.38,13188.64,13054.8,13054.8,54216405
2019-12-06,13087.51,13171.21,13055.98,13166.58,60141661
2019-12-09,13147.57,13170.77,13100.24,13105.61,50345087
2019-12-10,13065.83,13091.71,12886.55,13070.72,80063951
2019-12-11,13075.43,13169.77,13042.7,13146.74,69220499
2019-12-12,13167.56,13287.81,13105.07,13221.64,83998794
2019-12-13,13383.26,13423.41,13255.55,13282.72,106137124
2019-12-16,13349.86,13425.85,13338.38,13407.66,71200805
2019-12-17,13391.27,13394.47,13269.43,13287.83,79260456
2019-12-18,13266.35,13286,13215.88,13222.16,71000997
2019-12-19,13226.7,13248.98,13140.22,13211.96,84018156
2019-12-20,13210.26,13324.11,13201.8,13318.9,170723223
2019-12-23,13304.77,13331.86,13285.55,13300.98,56215375
2019-12-27,13338.32,13381.44,13311.52,13337.11,43758558
2019-12-30,13301.43,13316.62,13244.17,13249.01,31427409
