Data;Otwarcie;Najwyzszy;Najnizszy;Zamkniecie
04.01.2016;36.38;36.38;36.38;36.38
05.01.2016;37.29;37.29;37.29;37.29
06.01.2016;36.28;36.28;36.28;36.28
07.01.2016;34.31;34.31;34.31;34.31
08.01.2016;33.13;33.13;33.13;33.13
11.01.2016;33.14;33.14;33.14;33.14
12.01.2016;31.79;31.79;31.79;31.79
18.01.2016;29.49;29.49;29.49;29.49
19.01.2016;28.71;28.71;28.71;28.71
20.01.2016;29.43;29.43;29.43;29.43
21.01.2016;27.98;27.98;27.98;27.98
25.01.2016;31.46;31.46;31.46;31.46
26.01.2016;31.24;31.24;31.24;31.24
27.01.2016;31.21;31.21;31.21;31.21
28.01.2016;32.01;32.01;32.01;32.01
29.01.2016;34.09;34.09;34.09;34.09
01.02.2016;34.69;34.69;34.69;34.69
02.02.2016;35.1;35.1;35.1;35.1
03.02.2016;33.02;33.02;33.02;33.02
04.02.2016;34.05;34.05;34.05;34.05
05.02.2016;35.12;35.12;35.12;35.12
08.02.2016;34.58;34.58;34.58;34.58
09.02.2016;33.6;33.6;33.6;33.6
10.02.2016;32.45;32.45;32.45;32.45
11.02.2016;30.96;30.96;30.96;30.96
12.02.2016;30.47;30.47;30.47;30.47
17.02.2016;33.36;33.36;33.36;33.36
18.02.2016;33.86;33.86;33.86;33.86
19.02.2016;35.06;35.06;35.06;35.06
22.02.2016;33.64;33.64;33.64;33.64
23.02.2016;34.69;34.69;34.69;34.69
24.02.2016;34.15;34.15;34.15;34.15
25.02.2016;33.14;33.14;33.14;33.14
26.02.2016;34.38;34.38;34.38;34.38
29.02.2016;35.98;35.98;35.98;35.98
01.03.2016;35.96;35.96;35.96;35.96
02.03.2016;36.77;36.77;36.77;36.77
03.03.2016;36.84;36.84;36.84;36.84
04.03.2016;36.94;36.94;36.94;36.94
07.03.2016;37.85;37.85;37.85;37.85
08.03.2016;39.78;39.78;39.78;39.78
09.03.2016;40.51;40.51;40.51;40.51
10.03.2016;40.71;40.71;40.71;40.71
14.03.2016;40.76;40.76;40.76;40.76
15.03.2016;39.49;39.49;39.49;39.49
16.03.2016;38.75;38.75;38.75;38.75
17.03.2016;39.94;39.94;39.94;39.94
18.03.2016;41.21;41.21;41.21;41.21
21.03.2016;41.83;41.83;41.83;41.83
22.03.2016;41.47;41.47;41.47;41.47
23.03.2016;41.61;41.61;41.61;41.61
24.03.2016;41.12;41.12;41.12;41.12
28.03.2016;40.03;40.03;40.03;40.03
29.03.2016;40.42;40.42;40.42;40.42
30.03.2016;39.24;39.24;39.24;39.24
31.03.2016;39.76;39.76;39.76;39.76
01.04.2016;39.66;39.66;39.66;39.66
04.04.2016;39.37;39.37;39.37;39.37
05.04.2016;38.52;38.52;38.52;38.52
06.04.2016;37.89;37.89;37.89;37.89
07.04.2016;39.26;39.26;39.26;39.26
08.04.2016;39.59;39.59;39.59;39.59
11.04.2016;41.45;41.45;41.45;41.45
12.04.2016;42.45;42.45;42.45;42.45
13.04.2016;43.98;43.98;43.98;43.98
14.04.2016;44.36;44.36;44.36;44.36
15.04.2016;44.3;44.3;44.3;44.3
18.04.2016;43.16;43.16;43.16;43.16
19.04.2016;42.36;42.36;42.36;42.36
20.04.2016;43.92;43.92;43.92;43.92
21.04.2016;44.21;44.21;44.21;44.21
22.04.2016;45.48;45.48;45.48;45.48
25.04.2016;45.14;45.14;45.14;45.14
26.04.2016;45.09;45.09;45.09;45.09
27.04.2016;45.44;45.44;45.44;45.44
28.04.2016;46.84;46.84;46.84;46.84
29.04.2016;47.57;47.57;47.57;47.57
02.05.2016;48.1;48.1;48.1;48.1
03.05.2016;46.75;46.75;46.75;46.75
04.05.2016;45.36;45.36;45.36;45.36
05.05.2016;45.16;45.16;45.16;45.16
06.05.2016;45.81;45.81;45.81;45.81
09.05.2016;45.14;45.14;45.14;45.14
10.05.2016;44.84;44.84;44.84;44.84
11.05.2016;44.74;44.74;44.74;44.74
12.05.2016;46.37;46.37;46.37;46.37
13.05.2016;47.88;47.88;47.88;47.88
16.05.2016;47.83;47.83;47.83;47.83
17.05.2016;49.04;49.04;49.04;49.04
18.05.2016;49.1;49.1;49.1;49.1
19.05.2016;49.28;49.28;49.28;49.28
20.05.2016;48.12;48.12;48.12;48.12
23.05.2016;48.89;48.89;48.89;48.89
24.05.2016;48.27;48.27;48.27;48.27
25.05.2016;48.54;48.54;48.54;48.54
26.05.2016;49.4;49.4;49.4;49.4
27.05.2016;50.06;50.06;50.06;50.06
31.05.2016;49.16;49.16;49.16;49.16
01.06.2016;49.71;49.71;49.71;49.71
02.06.2016;49.37;49.37;49.37;49.37
03.06.2016;49.81;49.81;49.81;49.81
06.06.2016;49.98;49.98;49.98;49.98
07.06.2016;50.52;50.52;50.52;50.52
08.06.2016;51.19;51.19;51.19;51.19
09.06.2016;52.28;52.28;52.28;52.28
10.06.2016;52.08;52.08;52.08;52.08
13.06.2016;51.11;51.11;51.11;51.11
14.06.2016;50.3;50.3;50.3;50.3
15.06.2016;49.87;49.87;49.87;49.87
16.06.2016;49.21;49.21;49.21;49.21
17.06.2016;47.98;47.98;47.98;47.98
20.06.2016;48.53;48.53;48.53;48.53
21.06.2016;50.32;50.32;50.32;50.32
22.06.2016;50.18;50.18;50.18;50.18
23.06.2016;50.61;50.61;50.61;50.61
24.06.2016;50.73;50.73;50.73;50.73
27.06.2016;48.57;48.57;48.57;48.57
28.06.2016;47.77;47.77;47.77;47.77
29.06.2016;48.23;48.23;48.23;48.23
01.07.2016;49.84;49.84;49.84;49.84
06.07.2016;48.62;48.62;48.62;48.62
07.07.2016;47.83;47.83;47.83;47.83
08.07.2016;48.54;48.54;48.54;48.54
11.07.2016;46.83;46.83;46.83;46.83
12.07.2016;46.55;46.55;46.55;46.55
13.07.2016;47.86;47.86;47.86;47.86
14.07.2016;47.21;47.21;47.21;47.21
15.07.2016;47.2;47.2;47.2;47.2
18.07.2016;47.48;47.48;47.48;47.48
19.07.2016;47.15;47.15;47.15;47.15
20.07.2016;46.94;46.94;46.94;46.94
21.07.2016;46.89;46.89;46.89;46.89
22.07.2016;46.82;46.82;46.82;46.82
25.07.2016;45.99;45.99;45.99;45.99
26.07.2016;45.07;45.07;45.07;45.07
27.07.2016;44.69;44.69;44.69;44.69
28.07.2016;44.22;44.22;44.22;44.22
29.07.2016;43.05;43.05;43.05;43.05
01.08.2016;42.45;42.45;42.45;42.45
02.08.2016;42.66;42.66;42.66;42.66
03.08.2016;42.55;42.55;42.55;42.55
04.08.2016;42.4;42.4;42.4;42.4
05.08.2016;43.25;43.25;43.25;43.25
08.08.2016;44.09;44.09;44.09;44.09
09.08.2016;45.12;45.12;45.12;45.12
10.08.2016;45.42;45.42;45.42;45.42
11.08.2016;44.7;44.7;44.7;44.7
12.08.2016;44.97;44.97;44.97;44.97
15.08.2016;46.52;46.52;46.52;46.52
16.08.2016;47.76;47.76;47.76;47.76
17.08.2016;48.87;48.87;48.87;48.87
18.08.2016;49.33;49.33;49.33;49.33
19.08.2016;50.3;50.3;50.3;50.3
22.08.2016;50.81;50.81;50.81;50.81
23.08.2016;49.54;49.54;49.54;49.54
24.08.2016;49.27;49.27;49.27;49.27
25.08.2016;49.3;49.3;49.3;49.3
26.08.2016;49.36;49.36;49.36;49.36
29.08.2016;49.7;49.7;49.7;49.7
30.08.2016;49.31;49.31;49.31;49.31
31.08.2016;49.19;49.19;49.19;49.19
01.09.2016;47.05;47.05;47.05;47.05
02.09.2016;47.05;47.05;47.05;47.05
07.09.2016;49.4;49.4;49.4;49.4
08.09.2016;51.41;51.41;51.41;51.41
09.09.2016;49.43;49.43;49.43;49.43
12.09.2016;49.74;49.74;49.74;49.74
14.09.2016;45.87;45.87;45.87;45.87
16.09.2016;45.78;45.78;45.78;45.78
20.09.2016;45.9;45.9;45.9;45.9
22.09.2016;47.65;47.65;47.65;47.65
23.09.2016;45.92;45.92;45.92;45.92
26.09.2016;47.27;47.27;47.27;47.27
27.09.2016;45.95;45.95;45.95;45.95
28.09.2016;48.7;48.7;48.7;48.7
29.09.2016;49.16;49.16;49.16;49.16
30.09.2016;50.05;50.05;50.05;50.05
03.10.2016;50.89;50.89;50.89;50.89
04.10.2016;50.86;50.86;50.86;50.86
05.10.2016;51.79;51.79;51.79;51.79
06.10.2016;52.53;52.53;52.53;52.53
07.10.2016;51.87;51.87;51.87;51.87
10.10.2016;53.12;53.12;53.12;53.12
11.10.2016;52.36;52.36;52.36;52.36
12.10.2016;51.8;51.8;51.8;51.8
13.10.2016;51.97;51.97;51.97;51.97
14.10.2016;51.94;51.94;51.94;51.94
20.10.2016;51.38;51.38;51.38;51.38
21.10.2016;51.77;51.77;51.77;51.77
24.10.2016;51.47;51.47;51.47;51.47
25.10.2016;50.7;50.7;50.7;50.7
26.10.2016;49.95;49.95;49.95;49.95
27.10.2016;50.48;50.48;50.48;50.48
28.10.2016;49.75;49.75;49.75;49.75
31.10.2016;48.59;48.59;48.59;48.59
01.11.2016;48.17;48.17;48.17;48.17
02.11.2016;46.86;46.86;46.86;46.86
03.11.2016;46.37;46.37;46.37;46.37
04.11.2016;45.58;45.58;45.58;45.58
07.11.2016;46.13;46.13;46.13;46.13
08.11.2016;45.99;45.99;45.99;45.99
09.11.2016;46.31;46.31;46.31;46.31
10.11.2016;45.81;45.81;45.81;45.81
11.11.2016;44.72;44.72;44.72;44.72
14.11.2016;44.4;44.4;44.4;44.4
15.11.2016;47;47;47;47
16.11.2016;46.59;46.59;46.59;46.59
17.11.2016;46.43;46.43;46.43;46.43
18.11.2016;46.87;46.87;46.87;46.87
21.11.2016;48.95;48.95;48.95;48.95
22.11.2016;49.19;49.19;49.19;49.19
23.11.2016;48.99;48.99;48.99;48.99
25.11.2016;46.95;46.95;46.95;46.95
28.11.2016;48.29;48.29;48.29;48.29
29.11.2016;46.4;46.4;46.4;46.4
30.11.2016;51.79;51.79;51.79;51.79
01.12.2016;53.94;53.94;53.94;53.94
02.12.2016;54.45;54.45;54.45;54.45
05.12.2016;54.92;54.92;54.92;54.92
06.12.2016;53.94;53.94;53.94;53.94
07.12.2016;53.07;53.07;53.07;53.07
08.12.2016;53.92;53.92;53.92;53.92
09.12.2016;54.31;54.31;54.31;54.31
12.12.2016;55.61;55.61;55.61;55.61
13.12.2016;55.71;55.71;55.71;55.71
14.12.2016;53.86;53.86;53.86;53.86
15.12.2016;54.06;54.06;54.06;54.06
16.12.2016;55.28;55.28;55.28;55.28
19.12.2016;54.92;54.92;54.92;54.92
20.12.2016;55.29;55.29;55.29;55.29
21.12.2016;54.47;54.47;54.47;54.47
22.12.2016;55.08;55.08;55.08;55.08
23.12.2016;55.04;55.04;55.04;55.04
27.12.2016;56.11;56.11;56.11;56.11
28.12.2016;56.18;56.18;56.18;56.18
29.12.2016;56.81;56.81;56.81;56.81
30.12.2016;56.87;56.87;56.87;56.87
03.01.2017;55.48;55.48;55.48;55.48
04.01.2017;56.47;56.47;56.47;56.47
05.01.2017;56.9;56.9;56.9;56.9
06.01.2017;57.11;57.11;57.11;57.11
09.01.2017;54.9;54.9;54.9;54.9
10.01.2017;53.61;53.61;53.61;53.61
11.01.2017;55.1;55.1;55.1;55.1
12.01.2017;56.05;56.05;56.05;56.05
13.01.2017;55.44;55.44;55.44;55.44
16.01.2017;55.65;55.65;55.65;55.65
17.01.2017;55.45;55.45;55.45;55.45
18.01.2017;53.94;53.94;53.94;53.94
19.01.2017;54.17;54.17;54.17;54.17
20.01.2017;55.53;55.53;55.53;55.53
23.01.2017;55.25;55.25;55.25;55.25
24.01.2017;55.42;55.42;55.42;55.42
25.01.2017;55.1;55.1;55.1;55.1
26.01.2017;56.22;56.22;56.22;56.22
27.01.2017;55.48;55.48;55.48;55.48
30.01.2017;55.23;55.23;55.23;55.23
31.01.2017;55.54;55.54;55.54;55.54
01.02.2017;56.82;56.82;56.82;56.82
02.02.2017;56.55;56.55;56.55;56.55
03.02.2017;56.79;56.79;56.79;56.79
06.02.2017;55.72;55.72;55.72;55.72
07.02.2017;55.08;55.08;55.08;55.08
08.02.2017;55.11;55.11;55.11;55.11
09.02.2017;55.6;55.6;55.6;55.6
10.02.2017;56.66;56.66;56.66;56.66
13.02.2017;55.61;55.61;55.61;55.61
14.02.2017;55.96;55.96;55.96;55.96
15.02.2017;55.71;55.71;55.71;55.71
16.02.2017;55.68;55.68;55.68;55.68
17.02.2017;55.82;55.82;55.82;55.82
20.02.2017;56.1;56.1;56.1;56.1
21.02.2017;56.68;56.68;56.68;56.68
22.02.2017;55.86;55.86;55.86;55.86
23.02.2017;56.61;56.61;56.61;56.61
24.02.2017;55.96;55.96;55.96;55.96
27.02.2017;55.93;55.93;55.93;55.93
28.02.2017;56.49;56.49;56.49;56.49
01.03.2017;56.36;56.36;56.36;56.36
02.03.2017;55.08;55.08;55.08;55.08
03.03.2017;55.91;55.91;55.91;55.91
06.03.2017;56.03;56.03;56.03;56.03
07.03.2017;55.91;55.91;55.91;55.91
08.03.2017;53.11;53.11;53.11;53.11
09.03.2017;52.14;52.14;52.14;52.14
10.03.2017;51.37;51.37;51.37;51.37
13.03.2017;51.35;51.35;51.35;51.35
14.03.2017;50.9;50.9;50.9;50.9
15.03.2017;51.74;51.74;51.74;51.74
16.03.2017;51.74;51.74;51.74;51.74
17.03.2017;51.8;51.8;51.8;51.8
20.03.2017;51.67;51.67;51.67;51.67
21.03.2017;51.01;51.01;51.01;51.01
22.03.2017;50.66;50.66;50.66;50.66
23.03.2017;50.56;50.56;50.56;50.56
24.03.2017;50.83;50.83;50.83;50.83
27.03.2017;50.76;50.76;50.76;50.76
28.03.2017;51.33;51.33;51.33;51.33
29.03.2017;52.39;52.39;52.39;52.39
30.03.2017;52.91;52.91;52.91;52.91
31.03.2017;53.47;53.47;53.47;53.47
03.04.2017;53.15;53.15;53.15;53.15
04.04.2017;54.12;54.12;54.12;54.12
05.04.2017;54.36;54.36;54.36;54.36
06.04.2017;54.89;54.89;54.89;54.89
07.04.2017;55.24;55.24;55.24;55.24
10.04.2017;55.96;55.96;55.96;55.96
11.04.2017;56.22;56.22;56.22;56.22
12.04.2017;55.86;55.86;55.86;55.86
13.04.2017;55.85;55.85;55.85;55.85
17.04.2017;55.35;55.35;55.35;55.35
18.04.2017;54.94;54.94;54.94;54.94
19.04.2017;52.92;52.92;52.92;52.92
20.04.2017;52.99;52.99;52.99;52.99
21.04.2017;51.97;51.97;51.97;51.97
24.04.2017;51.62;51.62;51.62;51.62
25.04.2017;52.09;52.09;52.09;52.09
26.04.2017;51.79;51.79;51.79;51.79
27.04.2017;51.48;51.48;51.48;51.48
28.04.2017;52.02;52.02;52.02;52.02
01.05.2017;51.55;51.55;51.55;51.55
02.05.2017;50.46;50.46;50.46;50.46
03.05.2017;50.77;50.77;50.77;50.77
04.05.2017;48.39;48.39;48.39;48.39
05.05.2017;49.11;49.11;49.11;49.11
08.05.2017;49.33;49.33;49.33;49.33
09.05.2017;48.73;48.73;48.73;48.73
10.05.2017;50.17;50.17;50.17;50.17
11.05.2017;50.73;50.73;50.73;50.73
12.05.2017;50.82;50.82;50.82;50.82
15.05.2017;51.83;51.83;51.83;51.83
16.05.2017;51.64;51.64;51.64;51.64
17.05.2017;52.2;52.2;52.2;52.2
18.05.2017;52.52;52.52;52.52;52.52
19.05.2017;53.62;53.62;53.62;53.62
22.05.2017;53.89;53.89;53.89;53.89
23.05.2017;54.15;54.15;54.15;54.15
24.05.2017;53.94;53.94;53.94;53.94
25.05.2017;51.42;51.42;51.42;51.42
26.05.2017;52.14;52.14;52.14;52.14
29.05.2017;52.25;52.25;52.25;52.25
30.05.2017;51.82;51.82;51.82;51.82
31.05.2017;50.72;50.72;50.72;50.72
01.06.2017;50.59;50.59;50.59;50.59
02.06.2017;49.91;49.91;49.91;49.91
05.06.2017;49.48;49.48;49.48;49.48
06.06.2017;50.05;50.05;50.05;50.05
07.06.2017;48.16;48.16;48.16;48.16
08.06.2017;47.89;47.89;47.89;47.89
09.06.2017;48.16;48.16;48.16;48.16
12.06.2017;48.29;48.29;48.29;48.29
13.06.2017;48.68;48.68;48.68;48.68
14.06.2017;47.06;47.06;47.06;47.06
15.06.2017;46.9;46.9;46.9;46.9
16.06.2017;47.36;47.36;47.36;47.36
19.06.2017;46.94;46.94;46.94;46.94
20.06.2017;46.05;46.05;46.05;46.05
21.06.2017;44.77;44.77;44.77;44.77
22.06.2017;45.21;45.21;45.21;45.21
23.06.2017;45.55;45.55;45.55;45.55
26.06.2017;45.85;45.85;45.85;45.85
27.06.2017;46.67;46.67;46.67;46.67
28.06.2017;47.32;47.32;47.32;47.32
29.06.2017;47.4;47.4;47.4;47.4
30.06.2017;48.74;48.74;48.74;48.74
03.07.2017;49.68;49.68;49.68;49.68
05.07.2017;47.77;47.77;47.77;47.77
06.07.2017;48.11;48.11;48.11;48.11
07.07.2017;46.72;46.72;46.72;46.72
10.07.2017;46.89;46.89;46.89;46.89
11.07.2017;47.54;47.54;47.54;47.54
12.07.2017;47.73;47.73;47.73;47.73
13.07.2017;48.39;48.39;48.39;48.39
14.07.2017;48.9;48.9;48.9;48.9
17.07.2017;48.42;48.42;48.42;48.42
18.07.2017;48.84;48.84;48.84;48.84
19.07.2017;49.7;49.7;49.7;49.7
20.07.2017;49.34;49.34;49.34;49.34
21.07.2017;48.05;48.05;48.05;48.05
24.07.2017;48.61;48.61;48.61;48.61
25.07.2017;50.23;50.23;50.23;50.23
26.07.2017;50.96;50.96;50.96;50.96
27.07.2017;51.51;51.51;51.51;51.51
28.07.2017;52.55;52.55;52.55;52.55
31.07.2017;52.71;52.71;52.71;52.71
01.08.2017;51.81;51.81;51.81;51.81
02.08.2017;52.37;52.37;52.37;52.37
03.08.2017;52.03;52.03;52.03;52.03
04.08.2017;52.41;52.41;52.41;52.41
07.08.2017;52.36;52.36;52.36;52.36
08.08.2017;52.06;52.06;52.06;52.06
09.08.2017;52.74;52.74;52.74;52.74
10.08.2017;51.87;51.87;51.87;51.87
11.08.2017;52.09;52.09;52.09;52.09
14.08.2017;50.73;50.73;50.73;50.73
15.08.2017;50.8;50.8;50.8;50.8
16.08.2017;50.31;50.31;50.31;50.31
17.08.2017;51.01;51.01;51.01;51.01
18.08.2017;52.79;52.79;52.79;52.79
21.08.2017;51.69;51.69;51.69;51.69
22.08.2017;51.94;51.94;51.94;51.94
23.08.2017;52.61;52.61;52.61;52.61
24.08.2017;52.07;52.07;52.07;52.07
25.08.2017;52.42;52.42;52.42;52.42
28.08.2017;51.94;51.94;51.94;51.94
29.08.2017;51.99;51.99;51.99;51.99
30.08.2017;50.88;50.88;50.88;50.88
31.08.2017;52.8;52.8;52.8;52.8
01.09.2017;52.77;52.77;52.77;52.77
05.09.2017;53.37;53.37;53.37;53.37
06.09.2017;54.19;54.19;54.19;54.19
07.09.2017;54.5;54.5;54.5;54.5
08.09.2017;53.78;53.78;53.78;53.78
11.09.2017;53.83;53.83;53.83;53.83
12.09.2017;54.25;54.25;54.25;54.25
13.09.2017;55.15;55.15;55.15;55.15
14.09.2017;55.47;55.47;55.47;55.47
15.09.2017;55.63;55.63;55.63;55.63
18.09.2017;55.45;55.45;55.45;55.45
19.09.2017;55.19;55.19;55.19;55.19
20.09.2017;56.28;56.28;56.28;56.28
21.09.2017;56.44;56.44;56.44;56.44
22.09.2017;56.86;56.86;56.86;56.86
25.09.2017;59.05;59.05;59.05;59.05
26.09.2017;58.48;58.48;58.48;58.48
27.09.2017;57.88;57.88;57.88;57.88
28.09.2017;57.45;57.45;57.45;57.45
29.09.2017;56.79;56.79;56.79;56.79
02.10.2017;56.15;56.15;56.15;56.15
03.10.2017;56;56;56;56
04.10.2017;55.81;55.81;55.81;55.81
05.10.2017;56.99;56.99;56.99;56.99
06.10.2017;55.68;55.68;55.68;55.68
09.10.2017;55.73;55.73;55.73;55.73
10.10.2017;56.56;56.56;56.56;56.56
11.10.2017;56.9;56.9;56.9;56.9
12.10.2017;56.25;56.25;56.25;56.25
13.10.2017;57.15;57.15;57.15;57.15
16.10.2017;57.82;57.82;57.82;57.82
17.10.2017;57.86;57.86;57.86;57.86
18.10.2017;58.14;58.14;58.14;58.14
19.10.2017;57.24;57.24;57.24;57.24
20.10.2017;57.79;57.79;57.79;57.79
23.10.2017;57.38;57.38;57.38;57.38
24.10.2017;58.37;58.37;58.37;58.37
25.10.2017;58.44;58.44;58.44;58.44
26.10.2017;59.35;59.35;59.35;59.35
27.10.2017;60.44;60.44;60.44;60.44
30.10.2017;60.94;60.94;60.94;60.94
31.10.2017;60.89;60.89;60.89;60.89
01.11.2017;60.47;60.47;60.47;60.47
02.11.2017;60.62;60.62;60.62;60.62
03.11.2017;62.09;62.09;62.09;62.09
06.11.2017;64.22;64.22;64.22;64.22
07.11.2017;63.71;63.71;63.71;63.71
08.11.2017;63.49;63.49;63.49;63.49
09.11.2017;63.92;63.92;63.92;63.92
10.11.2017;63.52;63.52;63.52;63.52
13.11.2017;63.2;63.2;63.2;63.2
14.11.2017;62.21;62.21;62.21;62.21
15.11.2017;61.84;61.84;61.84;61.84
16.11.2017;61.36;61.36;61.36;61.36
17.11.2017;62.73;62.73;62.73;62.73
20.11.2017;62.23;62.23;62.23;62.23
21.11.2017;62.57;62.57;62.57;62.57
22.11.2017;63.34;63.34;63.34;63.34
24.11.2017;63.73;63.73;63.73;63.73
27.11.2017;63.83;63.83;63.83;63.83
28.11.2017;63.57;63.57;63.57;63.57
29.11.2017;63.04;63.04;63.04;63.04
30.11.2017;62.65;62.65;62.65;62.65
01.12.2017;63.74;63.74;63.74;63.74
04.12.2017;62.43;62.43;62.43;62.43
05.12.2017;62.91;62.91;62.91;62.91
06.12.2017;61.2;61.2;61.2;61.2
07.12.2017;62.15;62.15;62.15;62.15
08.12.2017;63.39;63.39;63.39;63.39
11.12.2017;64.68;64.68;64.68;64.68
12.12.2017;63.35;63.35;63.35;63.35
13.12.2017;62.42;62.42;62.42;62.42
14.12.2017;63.28;63.28;63.28;63.28
15.12.2017;63.21;63.21;63.21;63.21
18.12.2017;63.42;63.42;63.42;63.42
19.12.2017;63.74;63.74;63.74;63.74
20.12.2017;64.57;64.57;64.57;64.57
21.12.2017;64.91;64.91;64.91;64.91
22.12.2017;65;65;65;65
26.12.2017;66.99;66.99;66.99;66.99
27.12.2017;66.43;66.43;66.43;66.43
28.12.2017;66.15;66.15;66.15;66.15
29.12.2017;66.78;66.78;66.78;66.78
02.01.2018;66.59;66.59;66.59;66.59
03.01.2018;67.84;67.84;67.84;67.84
04.01.2018;68.02;68.02;68.02;68.02
05.01.2018;67.64;67.64;67.64;67.64
08.01.2018;67.79;67.79;67.79;67.79
09.01.2018;68.77;68.77;68.77;68.77
10.01.2018;69.17;69.17;69.17;69.17
11.01.2018;69.27;69.27;69.27;69.27
12.01.2018;69.8;69.8;69.8;69.8
16.01.2018;69.21;69.21;69.21;69.21
17.01.2018;69.32;69.32;69.32;69.32
18.01.2018;69.35;69.35;69.35;69.35
19.01.2018;68.64;68.64;68.64;68.64
22.01.2018;69.04;69.04;69.04;69.04
23.01.2018;69.97;69.97;69.97;69.97
24.01.2018;70.5;70.5;70.5;70.5
25.01.2018;70.37;70.37;70.37;70.37
26.01.2018;70.51;70.51;70.51;70.51
29.01.2018;69.54;69.54;69.54;69.54
30.01.2018;69.02;69.02;69.02;69.02
31.01.2018;68.86;68.86;68.86;68.86
01.02.2018;69.68;69.68;69.68;69.68
02.02.2018;68.49;68.49;68.49;68.49
05.02.2018;67.56;67.56;67.56;67.56
06.02.2018;66.79;66.79;66.79;66.79
07.02.2018;65.5;65.5;65.5;65.5
08.02.2018;64.83;64.83;64.83;64.83
09.02.2018;62.66;62.66;62.66;62.66
12.02.2018;62.59;62.59;62.59;62.59
13.02.2018;62.73;62.73;62.73;62.73
14.02.2018;64.37;64.37;64.37;64.37
15.02.2018;64.36;64.36;64.36;64.36
16.02.2018;64.87;64.87;64.87;64.87
20.02.2018;65.28;65.28;65.28;65.28
21.02.2018;65.35;65.35;65.35;65.35
22.02.2018;66.36;66.36;66.36;66.36
23.02.2018;67.35;67.35;67.35;67.35
26.02.2018;67.48;67.48;67.48;67.48
27.02.2018;66.6;66.6;66.6;66.6
28.02.2018;64.71;64.71;64.71;64.71
01.03.2018;63.84;63.84;63.84;63.84
02.03.2018;64.34;64.34;64.34;64.34
05.03.2018;65.54;65.54;65.54;65.54
06.03.2018;65.8;65.8;65.8;65.8
07.03.2018;64.33;64.33;64.33;64.33
08.03.2018;63.67;63.67;63.67;63.67
09.03.2018;65.51;65.51;65.51;65.51
12.03.2018;65.02;65.02;65.02;65.02
13.03.2018;64.68;64.68;64.68;64.68
14.03.2018;64.89;64.89;64.89;64.89
15.03.2018;65.12;65.12;65.12;65.12
16.03.2018;66.21;66.21;66.21;66.21
19.03.2018;66.03;66.03;66.03;66.03
20.03.2018;67.45;67.45;67.45;67.45
21.03.2018;69.46;69.46;69.46;69.46
22.03.2018;68.91;68.91;68.91;68.91
23.03.2018;70.46;70.46;70.46;70.46
26.03.2018;70.1;70.1;70.1;70.1
27.03.2018;70.11;70.11;70.11;70.11
28.03.2018;69.58;69.58;69.58;69.58
29.03.2018;69.3;69.3;69.3;69.3
02.04.2018;67.72;67.72;67.72;67.72
03.04.2018;68.04;68.04;68.04;68.04
04.04.2018;68.01;68.01;68.01;68.01
05.04.2018;68.35;68.35;68.35;68.35
06.04.2018;67.11;67.11;67.11;67.11
09.04.2018;68.66;68.66;68.66;68.66
10.04.2018;71.03;71.03;71.03;71.03
11.04.2018;72.05;72.05;72.05;72.05
12.04.2018;72.05;72.05;72.05;72.05
13.04.2018;72.53;72.53;72.53;72.53
16.04.2018;71.36;71.36;71.36;71.36
17.04.2018;71.55;71.55;71.55;71.55
18.04.2018;73.48;73.48;73.48;73.48
19.04.2018;73.78;73.78;73.78;73.78
20.04.2018;74.02;74.02;74.02;74.02
23.04.2018;74.73;74.73;74.73;74.73
24.04.2018;73.89;73.89;73.89;73.89
25.04.2018;73.99;73.99;73.99;73.99
26.04.2018;74.77;74.77;74.77;74.77
27.04.2018;74.58;74.58;74.58;74.58
30.04.2018;74.59;74.59;74.59;74.59
01.05.2018;73.14;73.14;73.14;73.14
02.05.2018;73.35;73.35;73.35;73.35
03.05.2018;73.65;73.65;73.65;73.65
04.05.2018;74.89;74.89;74.89;74.89
07.05.2018;76.16;76.16;76.16;76.16
08.05.2018;74.91;74.91;74.91;74.91
09.05.2018;77.17;77.17;77.17;77.17
10.05.2018;77.49;77.49;77.49;77.49
11.05.2018;77.09;77.09;77.09;77.09
14.05.2018;78.24;78.24;78.24;78.24
15.05.2018;78.42;78.42;78.42;78.42
16.05.2018;79.22;79.22;79.22;79.22
17.05.2018;79.28;79.28;79.28;79.28
18.05.2018;78.41;78.41;78.41;78.41
21.05.2018;79.22;79.22;79.22;79.22
22.05.2018;79.59;79.59;79.59;79.59
23.05.2018;79.81;79.81;79.81;79.81
24.05.2018;78.83;78.83;78.83;78.83
25.05.2018;76.43;76.43;76.43;76.43
29.05.2018;75.4;75.4;75.4;75.4
30.05.2018;77.54;77.54;77.54;77.54
31.05.2018;77.44;77.44;77.44;77.44
01.06.2018;76.74;76.74;76.74;76.74
04.06.2018;75.28;75.28;75.28;75.28
05.06.2018;75.33;75.33;75.33;75.33
06.06.2018;75.38;75.38;75.38;75.38
07.06.2018;77.28;77.28;77.28;77.28
08.06.2018;76.47;76.47;76.47;76.47
11.06.2018;76.49;76.49;76.49;76.49
12.06.2018;75.86;75.86;75.86;75.86
13.06.2018;76.71;76.71;76.71;76.71
14.06.2018;75.97;75.97;75.97;75.97
15.06.2018;73.37;73.37;73.37;73.37
18.06.2018;75.27;75.27;75.27;75.27
19.06.2018;75.09;75.09;75.09;75.09
20.06.2018;74.66;74.66;74.66;74.66
21.06.2018;73.14;73.14;73.14;73.14
22.06.2018;75.54;75.54;75.54;75.54
25.06.2018;74.73;74.73;74.73;74.73
26.06.2018;76.34;76.34;76.34;76.34
27.06.2018;77.59;77.59;77.59;77.59
28.06.2018;77.81;77.81;77.81;77.81
29.06.2018;79.15;79.15;79.15;79.15
02.07.2018;77.33;77.33;77.33;77.33
03.07.2018;77.8;77.8;77.8;77.8
04.07.2018;78.16;78.16;78.16;78.16
05.07.2018;77.41;77.41;77.41;77.41
06.07.2018;77.14;77.14;77.14;77.14
09.07.2018;78.16;78.16;78.16;78.16
10.07.2018;78.83;78.83;78.83;78.83
11.07.2018;73.5;73.5;73.5;73.5
12.07.2018;74.46;74.46;74.46;74.46
13.07.2018;75.34;75.34;75.34;75.34
16.07.2018;71.94;71.94;71.94;71.94
17.07.2018;72.1;72.1;72.1;72.1
18.07.2018;72.94;72.94;72.94;72.94
19.07.2018;72.61;72.61;72.61;72.61
20.07.2018;72.99;72.99;72.99;72.99
23.07.2018;73.05;73.05;73.05;73.05
24.07.2018;73.41;73.41;73.41;73.41
25.07.2018;73.94;73.94;73.94;73.94
26.07.2018;74.44;74.44;74.44;74.44
27.07.2018;74.31;74.31;74.31;74.31
30.07.2018;74.94;74.94;74.94;74.94
31.07.2018;74.19;74.19;74.19;74.19
01.08.2018;72.4;72.4;72.4;72.4
02.08.2018;73.53;73.53;73.53;73.53
03.08.2018;73.25;73.25;73.25;73.25
06.08.2018;73.74;73.74;73.74;73.74
07.08.2018;74.54;74.54;74.54;74.54
08.08.2018;72.3;72.3;72.3;72.3
09.08.2018;72.13;72.13;72.13;72.13
10.08.2018;72.81;72.81;72.81;72.81
13.08.2018;72.71;72.71;72.71;72.71
14.08.2018;72.44;72.44;72.44;72.44
15.08.2018;70.86;70.86;70.86;70.86
16.08.2018;71.42;71.42;71.42;71.42
17.08.2018;71.83;71.83;71.83;71.83
20.08.2018;72.29;72.29;72.29;72.29
21.08.2018;72.63;72.63;72.63;72.63
22.08.2018;74.78;74.78;74.78;74.78
23.08.2018;74.74;74.74;74.74;74.74
24.08.2018;75.79;75.79;75.79;75.79
27.08.2018;76.18;76.18;76.18;76.18
28.08.2018;75.95;75.95;75.95;75.95
29.08.2018;77.16;77.16;77.16;77.16
30.08.2018;77.71;77.71;77.71;77.71
31.08.2018;77.72;77.72;77.72;77.72
03.09.2018;78.01;78.01;78.01;78.01
04.09.2018;78.14;78.14;78.14;78.14
05.09.2018;77.26;77.26;77.26;77.26
06.09.2018;76.56;76.56;76.56;76.56
07.09.2018;76.83;76.83;76.83;76.83
10.09.2018;77.4;77.4;77.4;77.4
11.09.2018;79.09;79.09;79.09;79.09
12.09.2018;79.79;79.79;79.79;79.79
13.09.2018;78.24;78.24;78.24;78.24
14.09.2018;78.12;78.12;78.12;78.12
17.09.2018;77.97;77.97;77.97;77.97
18.09.2018;79.08;79.08;79.08;79.08
19.09.2018;79.31;79.31;79.31;79.31
20.09.2018;78.67;78.67;78.67;78.67
21.09.2018;78.74;78.74;78.74;78.74
24.09.2018;81.27;81.27;81.27;81.27
25.09.2018;81.82;81.82;81.82;81.82
26.09.2018;81.31;81.31;81.31;81.31
27.09.2018;81.72;81.72;81.72;81.72
28.09.2018;82.64;82.64;82.64;82.64
01.10.2018;85.02;85.02;85.02;85.02
02.10.2018;84.77;84.77;84.77;84.77
03.10.2018;86.28;86.28;86.28;86.28
04.10.2018;84.65;84.65;84.65;84.65
05.10.2018;84.07;84.07;84.07;84.07
08.10.2018;83.83;83.83;83.83;83.83
09.10.2018;85.01;85.01;85.01;85.01
10.10.2018;83.04;83.04;83.04;83.04
11.10.2018;80.25;80.25;80.25;80.25
12.10.2018;80.46;80.46;80.46;80.46
15.10.2018;80.82;80.82;80.82;80.82
16.10.2018;81.41;81.41;81.41;81.41
17.10.2018;79.95;79.95;79.95;79.95
18.10.2018;79.3;79.3;79.3;79.3
19.10.2018;79.81;79.81;79.81;79.81
22.10.2018;79.82;79.82;79.82;79.82
23.10.2018;76.54;76.54;76.54;76.54
24.10.2018;76.11;76.11;76.11;76.11
25.10.2018;76.84;76.84;76.84;76.84
26.10.2018;77.55;77.55;77.55;77.55
29.10.2018;77.23;77.23;77.23;77.23
30.10.2018;75.96;75.96;75.96;75.96
31.10.2018;75.06;75.06;75.06;75.06
01.11.2018;72.95;72.95;72.95;72.95
02.11.2018;72.86;72.86;72.86;72.86
05.11.2018;73.17;73.17;73.17;73.17
06.11.2018;72.15;72.15;72.15;72.15
07.11.2018;72.03;72.03;72.03;72.03
08.11.2018;70.63;70.63;70.63;70.63
09.11.2018;70.15;70.15;70.15;70.15
12.11.2018;69.98;69.98;69.98;69.98
13.11.2018;65.51;65.51;65.51;65.51
14.11.2018;65.98;65.98;65.98;65.98
15.11.2018;66.56;66.56;66.56;66.56
16.11.2018;66.79;66.79;66.79;66.79
19.11.2018;66.96;66.96;66.96;66.96
20.11.2018;62.46;62.46;62.46;62.46
21.11.2018;63.39;63.39;63.39;63.39
23.11.2018;59.19;59.19;59.19;59.19
26.11.2018;60.52;60.52;60.52;60.52
27.11.2018;60.28;60.28;60.28;60.28
28.11.2018;58.7;58.7;58.7;58.7
29.11.2018;59.52;59.52;59.52;59.52
30.11.2018;59.25;59.25;59.25;59.25
03.12.2018;61.74;61.74;61.74;61.74
04.12.2018;61.99;61.99;61.99;61.99
05.12.2018;61.7;61.7;61.7;61.7
06.12.2018;60.11;60.11;60.11;60.11
07.12.2018;61.76;61.76;61.76;61.76
10.12.2018;60.04;60.04;60.04;60.04
11.12.2018;60.22;60.22;60.22;60.22
12.12.2018;60.09;60.09;60.09;60.09
13.12.2018;61.53;61.53;61.53;61.53
14.12.2018;60.34;60.34;60.34;60.34
17.12.2018;59.61;59.61;59.61;59.61
18.12.2018;56.27;56.27;56.27;56.27
19.12.2018;57.27;57.27;57.27;57.27
20.12.2018;54.4;54.4;54.4;54.4
21.12.2018;53.96;53.96;53.96;53.96
24.12.2018;50.43;50.43;50.43;50.43
26.12.2018;54.42;54.42;54.42;54.42
27.12.2018;52.26;52.26;52.26;52.26
28.12.2018;53.26;53.26;53.26;53.26
31.12.2018;53.83;53.83;53.83;53.83
02.01.2019;54.93;54.93;54.93;54.93
03.01.2019;55.96;55.96;55.96;55.96
04.01.2019;57.02;57.02;57.02;57.02
07.01.2019;57.3;57.3;57.3;57.3
08.01.2019;58.63;58.63;58.63;58.63
09.01.2019;61.41;61.41;61.41;61.41
10.01.2019;61.75;61.75;61.75;61.75
11.01.2019;60.51;60.51;60.51;60.51
14.01.2019;59;59;59;59
15.01.2019;60.55;60.55;60.55;60.55
16.01.2019;61.29;61.29;61.29;61.29
17.01.2019;61.14;61.14;61.14;61.14
18.01.2019;62.68;62.68;62.68;62.68
21.01.2019;62.8;62.8;62.8;62.8
22.01.2019;61.57;61.57;61.57;61.57
23.01.2019;61.16;61.16;61.16;61.16
24.01.2019;61.14;61.14;61.14;61.14
25.01.2019;61.59;61.59;61.59;61.59
28.01.2019;59.9;59.9;59.9;59.9
29.01.2019;61.25;61.25;61.25;61.25
30.01.2019;61.77;61.77;61.77;61.77
31.01.2019;60.9;60.9;60.9;60.9
01.02.2019;62.77;62.77;62.77;62.77
04.02.2019;62.52;62.52;62.52;62.52
05.02.2019;61.97;61.97;61.97;61.97
06.02.2019;62.63;62.63;62.63;62.63
07.02.2019;61.68;61.68;61.68;61.68
08.02.2019;62.12;62.12;62.12;62.12
11.02.2019;61.56;61.56;61.56;61.56
12.02.2019;62.49;62.49;62.49;62.49
13.02.2019;63.6;63.6;63.6;63.6
14.02.2019;64.56;64.56;64.56;64.56
15.02.2019;66.25;66.25;66.25;66.25
18.02.2019;66.43;66.43;66.43;66.43
19.02.2019;66.42;66.42;66.42;66.42
20.02.2019;67.08;67.08;67.08;67.08
21.02.2019;67.12;67.12;67.12;67.12
22.02.2019;67.07;67.07;67.07;67.07
25.02.2019;64.77;64.77;64.77;64.77
26.02.2019;65.27;65.27;65.27;65.27
27.02.2019;66.42;66.42;66.42;66.42
28.02.2019;66.35;66.35;66.35;66.35
01.03.2019;65.09;65.09;65.09;65.09
04.03.2019;65.65;65.65;65.65;65.65
05.03.2019;65.85;65.85;65.85;65.85
06.03.2019;65.99;65.99;65.99;65.99
07.03.2019;66.27;66.27;66.27;66.27
08.03.2019;65.81;65.81;65.81;65.81
11.03.2019;66.61;66.61;66.61;66.61
12.03.2019;66.7;66.7;66.7;66.7
13.03.2019;67.58;67.58;67.58;67.58
14.03.2019;67.21;67.21;67.21;67.21
15.03.2019;67.13;67.13;67.13;67.13
18.03.2019;67.5;67.5;67.5;67.5
19.03.2019;67.69;67.69;67.69;67.69
20.03.2019;68.5;68.5;68.5;68.5
21.03.2019;67.85;67.85;67.85;67.85
22.03.2019;67;67;67;67
25.03.2019;67.22;67.22;67.22;67.22
26.03.2019;67.94;67.94;67.94;67.94
27.03.2019;67.82;67.82;67.82;67.82
28.03.2019;67.82;67.82;67.82;67.82
29.03.2019;67.62;67.62;67.62;67.62
01.04.2019;69;69;69;69
02.04.2019;69.37;69.37;69.37;69.37
03.04.2019;69.32;69.32;69.32;69.32
04.04.2019;69.39;69.39;69.39;69.39
05.04.2019;70.35;70.35;70.35;70.35
08.04.2019;71.07;71.07;71.07;71.07
09.04.2019;70.65;70.65;70.65;70.65
10.04.2019;71.71;71.71;71.71;71.71
11.04.2019;70.9;70.9;70.9;70.9
12.04.2019;71.54;71.54;71.54;71.54
15.04.2019;71.23;71.23;71.23;71.23
16.04.2019;71.71;71.71;71.71;71.71
17.04.2019;71.65;71.65;71.65;71.65
18.04.2019;71.98;71.98;71.98;71.98
22.04.2019;74.08;74.08;74.08;74.08
23.04.2019;74.54;74.54;74.54;74.54
24.04.2019;74.5;74.5;74.5;74.5
25.04.2019;74.37;74.37;74.37;74.37
26.04.2019;72.16;72.16;72.16;72.16
29.04.2019;71.96;71.96;71.96;71.96
30.04.2019;71.99;71.99;71.99;71.99
01.05.2019;72.16;72.16;72.16;72.16
02.05.2019;70.68;70.68;70.68;70.68
03.05.2019;70.86;70.86;70.86;70.86
06.05.2019;71.3;71.3;71.3;71.3
07.05.2019;69.87;69.87;69.87;69.87
08.05.2019;70.38;70.38;70.38;70.38
09.05.2019;70.37;70.37;70.37;70.37
10.05.2019;70.62;70.62;70.62;70.62
13.05.2019;70.19;70.19;70.19;70.19
14.05.2019;71.28;71.28;71.28;71.28
15.05.2019;71.8;71.8;71.8;71.8
16.05.2019;72.72;72.72;72.72;72.72
17.05.2019;72.21;72.21;72.21;72.21
20.05.2019;71.98;71.98;71.98;71.98
21.05.2019;72.15;72.15;72.15;72.15
22.05.2019;70.96;70.96;70.96;70.96
23.05.2019;67.68;67.68;67.68;67.68
24.05.2019;68.62;68.62;68.62;68.62
27.05.2019;70.01;70.01;70.01;70.01
28.05.2019;70.06;70.06;70.06;70.06
29.05.2019;69.43;69.43;69.43;69.43
30.05.2019;66.7;66.7;66.7;66.7
31.05.2019;61.93;61.93;61.93;61.93
03.06.2019;61.27;61.27;61.27;61.27
04.06.2019;61.93;61.93;61.93;61.93
05.06.2019;60.56;60.56;60.56;60.56
06.06.2019;61.66;61.66;61.66;61.66
07.06.2019;63.21;63.21;63.21;63.21
10.06.2019;62.37;62.37;62.37;62.37
11.06.2019;62.31;62.31;62.31;62.31
12.06.2019;59.95;59.95;59.95;59.95
13.06.2019;61.45;61.45;61.45;61.45
14.06.2019;61.96;61.96;61.96;61.96
17.06.2019;60.97;60.97;60.97;60.97
18.06.2019;62.08;62.08;62.08;62.08
19.06.2019;61.78;61.78;61.78;61.78
20.06.2019;64.49;64.49;64.49;64.49
21.06.2019;65.1;65.1;65.1;65.1
24.06.2019;64.87;64.87;64.87;64.87
25.06.2019;65.03;65.03;65.03;65.03
26.06.2019;66.45;66.45;66.45;66.45
27.06.2019;66.53;66.53;66.53;66.53
28.06.2019;64.64;64.64;64.64;64.64
01.07.2019;65.09;65.09;65.09;65.09
02.07.2019;62.4;62.4;62.4;62.4
03.07.2019;63.76;63.76;63.76;63.76
05.07.2019;64.21;64.21;64.21;64.21
08.07.2019;64.05;64.05;64.05;64.05
09.07.2019;64.17;64.17;64.17;64.17
10.07.2019;67.02;67.02;67.02;67.02
11.07.2019;66.49;66.49;66.49;66.49
12.07.2019;66.72;66.72;66.72;66.72
15.07.2019;66.44;66.44;66.44;66.44
16.07.2019;64.31;64.31;64.31;64.31
17.07.2019;63.6;63.6;63.6;63.6
18.07.2019;61.94;61.94;61.94;61.94
19.07.2019;62.5;62.5;62.5;62.5
22.07.2019;63.26;63.26;63.26;63.26
23.07.2019;63.82;63.82;63.82;63.82
24.07.2019;63.29;63.29;63.29;63.29
25.07.2019;63.44;63.44;63.44;63.44
26.07.2019;63.46;63.46;63.46;63.46
29.07.2019;63.69;63.69;63.69;63.69
30.07.2019;64.61;64.61;64.61;64.61
31.07.2019;65.02;65.02;65.02;65.02
01.08.2019;60.19;60.19;60.19;60.19
02.08.2019;61.89;61.89;61.89;61.89
05.08.2019;59.76;59.76;59.76;59.76
06.08.2019;58.95;58.95;58.95;58.95
07.08.2019;56.24;56.24;56.24;56.24
08.08.2019;57.43;57.43;57.43;57.43
09.08.2019;58.54;58.54;58.54;58.54
12.08.2019;58.59;58.59;58.59;58.59
13.08.2019;61.31;61.31;61.31;61.31
14.08.2019;59.38;59.38;59.38;59.38
15.08.2019;58.18;58.18;58.18;58.18
16.08.2019;58.61;58.61;58.61;58.61
19.08.2019;59.74;59.74;59.74;59.74
20.08.2019;60.02;60.02;60.02;60.02
21.08.2019;60.25;60.25;60.25;60.25
22.08.2019;59.87;59.87;59.87;59.87
23.08.2019;59.33;59.33;59.33;59.33
26.08.2019;58.71;58.71;58.71;58.71
27.08.2019;59.52;59.52;59.52;59.52
28.08.2019;60.45;60.45;60.45;60.45
29.08.2019;61.06;61.06;61.06;61.06
30.08.2019;59.15;59.15;59.15;59.15
02.09.2019;58.63;58.63;58.63;58.63
03.09.2019;58.2;58.2;58.2;58.2
04.09.2019;60.71;60.71;60.71;60.71
05.09.2019;61;61;61;61
06.09.2019;61.45;61.45;61.45;61.45
09.09.2019;62.62;62.62;62.62;62.62
10.09.2019;62.34;62.34;62.34;62.34
11.09.2019;60.78;60.78;60.78;60.78
12.09.2019;60.41;60.41;60.41;60.41
13.09.2019;60.23;60.23;60.23;60.23
16.09.2019;69.03;69.03;69.03;69.03
17.09.2019;64.44;64.44;64.44;64.44
18.09.2019;63.55;63.55;63.55;63.55
19.09.2019;64.35;64.35;64.35;64.35
20.09.2019;64.36;64.36;64.36;64.36
23.09.2019;64.73;64.73;64.73;64.73
24.09.2019;63.07;63.07;63.07;63.07
25.09.2019;62.46;62.46;62.46;62.46
26.09.2019;62.72;62.72;62.72;62.72
27.09.2019;61.88;61.88;61.88;61.88
30.09.2019;59.28;59.28;59.28;59.28
01.10.2019;58.88;58.88;58.88;58.88
02.10.2019;57.66;57.66;57.66;57.66
03.10.2019;57.73;57.73;57.73;57.73
04.10.2019;58.32;58.32;58.32;58.32
07.10.2019;58.4;58.4;58.4;58.4
08.10.2019;58.24;58.24;58.24;58.24
09.10.2019;58.33;58.33;58.33;58.33
10.10.2019;59.09;59.09;59.09;59.09
11.10.2019;60.52;60.52;60.52;60.52
14.10.2019;59.33;59.33;59.33;59.33
15.10.2019;58.72;58.72;58.72;58.72
16.10.2019;59.4;59.4;59.4;59.4
17.10.2019;59.87;59.87;59.87;59.87
18.10.2019;59.36;59.36;59.36;59.36
21.10.2019;58.95;58.95;58.95;58.95
22.10.2019;59.68;59.68;59.68;59.68
23.10.2019;61.14;61.14;61.14;61.14
24.10.2019;61.71;61.71;61.71;61.71
25.10.2019;61.9;61.9;61.9;61.9
28.10.2019;61.58;61.58;61.58;61.58
29.10.2019;61.54;61.54;61.54;61.54
30.10.2019;60.68;60.68;60.68;60.68
31.10.2019;59.6;59.6;59.6;59.6
01.11.2019;61.68;61.68;61.68;61.68
04.11.2019;62.15;62.15;62.15;62.15
05.11.2019;62.97;62.97;62.97;62.97
06.11.2019;61.72;61.72;61.72;61.72
07.11.2019;62.21;62.21;62.21;62.21
08.11.2019;62.44;62.44;62.44;62.44
11.11.2019;62.13;62.13;62.13;62.13
12.11.2019;62.05;62.05;62.05;62.05
13.11.2019;62.34;62.34;62.34;62.34
14.11.2019;62.26;62.26;62.26;62.26
15.11.2019;63.3;63.3;63.3;63.3
18.11.2019;62.42;62.42;62.42;62.42
19.11.2019;60.92;60.92;60.92;60.92
20.11.2019;62.4;62.4;62.4;62.4
21.11.2019;63.96;63.96;63.96;63.96
22.11.2019;63.51;63.51;63.51;63.51
25.11.2019;63.61;63.61;63.61;63.61
26.11.2019;64.25;64.25;64.25;64.25
27.11.2019;64.06;64.06;64.06;64.06
28.11.2019;63.92;63.92;63.92;63.92
29.11.2019;60.76;60.76;60.76;60.76
02.12.2019;60.95;60.95;60.95;60.95
03.12.2019;60.85;60.85;60.85;60.85
04.12.2019;63.05;63.05;63.05;63.05
05.12.2019;63.39;63.39;63.39;63.39
06.12.2019;64.4;64.4;64.4;64.4
09.12.2019;64.22;64.22;64.22;64.22
10.12.2019;64.28;64.28;64.28;64.28
11.12.2019;63.71;63.71;63.71;63.71
12.12.2019;64.21;64.21;64.21;64.21
13.12.2019;65.25;65.25;65.25;65.25
16.12.2019;65.33;65.33;65.33;65.33
17.12.2019;66.09;66.09;66.09;66.09
18.12.2019;66.19;66.19;66.19;66.19
19.12.2019;66.54;66.54;66.54;66.54
20.12.2019;66.09;66.09;66.09;66.09
23.12.2019;66.39;66.39;66.39;66.39
24.12.2019;67.21;67.21;67.21;67.21
26.12.2019;67.93;67.93;67.93;67.93
27.12.2019;68.16;68.16;68.16;68.16
30.12.2019;66.65;66.65;66.65;66.65
31.12.2019;66.04;66.04;66.04;66.04
;;;;
;;;;
;;;;
;;;;
;;;;
;;;;
;;;;
;;;;
;;;;
;;;;
;;;;
;;;;
;;;;
;;;;
;;;;
;;;;
;;;;
;;;;
;;;;
;;;;
;;;;
;;;;
;;;;
;;;;
;;;;
;;;;
;;;;
;;;;
;;;;
;;;;
;;;;
;;;;
;;;;
;;;;
;;;;
;;;;
;;;;
;;;;
;;;;
;;;;
;;;;
;;;;
;;;;
;;;;
;;;;
;;;;
;;;;
;;;;
;;;;
;;;;
;;;;
;;;;
;;;;
;;;;
;;;;
;;;;
;;;;
;;;;
;;;;
;;;;
;;;;
;;;;
;;;;
;;;;
;;;;
;;;;
;;;;
;;;;
;;;;
;;;;
;;;;
;;;;
;;;;
;;;;
;;;;
;;;;
;;;;
;;;;
;;;;
;;;;
;;;;
;;;;
;;;;
;;;;
;;;;
;;;;
;;;;
;;;;
;;;;
;;;;
;;;;
;;;;
;;;;
;;;;
;;;;
;;;;
;;;;
;;;;
;;;;
;;;;
;;;;
;;;;
;;;;
;;;;
;;;;
;;;;
;;;;
;;;;
;;;;
;;;;
;;;;
;;;;
;;;;
;;;;
;;;;
;;;;
;;;;
;;;;
;;;;
;;;;
;;;;
;;;;
;;;;
;;;;
;;;;
;;;;
;;;;
;;;;
;;;;
;;;;
;;;;
;;;;
;;;;
;;;;
;;;;
;;;;
;;;;
;;;;
;;;;
;;;;
;;;;
;;;;
;;;;
;;;;
;;;;
;;;;
;;;;
;;;;
;;;;
;;;;
;;;;
;;;;
;;;;
;;;;
;;;;
;;;;
;;;;
;;;;
;;;;
;;;;
;;;;
;;;;
;;;;
;;;;
;;;;
;;;;
;;;;
;;;;
;;;;
;;;;
;;;;
;;;;
;;;;
;;;;
;;;;
;;;;
;;;;
;;;;
;;;;
;;;;
;;;;
;;;;
;;;;
;;;;
;;;;
;;;;
;;;;
;;;;
;;;;
;;;;
;;;;
;;;;
;;;;
;;;;
;;;;
;;;;
;;;;
;;;;
;;;;
;;;;
;;;;
;;;;
;;;;
;;;;
;;;;
;;;;
;;;;
;;;;
;;;;
;;;;
;;;;
;;;;
;;;;
;;;;
;;;;
;;;;
;;;;
;;;;
;;;;
;;;;
;;;;
;;;;
;;;;
;;;;
;;;;
;;;;
;;;;
;;;;
;;;;
;;;;
;;;;
;;;;
;;;;
;;;;
;;;;
;;;;
;;;;
;;;;
;;;;
;;;;
;;;;
;;;;
;;;;
;;;;
;;;;
;;;;
;;;;
;;;;
;;;;
;;;;
;;;;
;;;;
;;;;
;;;;
;;;;
;;;;
;;;;
;;;;
;;;;
;;;;
;;;;
;;;;
;;;;
;;;;
;;;;
;;;;
;;;;
;;;;
;;;;
;;;;
;;;;
;;;;
;;;;
;;;;
;;;;
;;;;
;;;;
;;;;
;;;;
;;;;
;;;;
;;;;
;;;;
;;;;
;;;;
;;;;
;;;;
;;;;
;;;;
;;;;
;;;;
;;;;
;;;;
;;;;
;;;;
;;;;
;;;;
;;;;
;;;;
;;;;
;;;;
;;;;
;;;;
;;;;
;;;;
;;;;
;;;;
;;;;
;;;;
;;;;
;;;;
;;;;
;;;;
;;;;
;;;;
;;;;
;;;;
;;;;
;;;;
;;;;
;;;;
;;;;
;;;;
;;;;
;;;;
;;;;
;;;;
;;;;
;;;;
;;;;
;;;;
;;;;
;;;;
;;;;
;;;;
;;;;
;;;;
;;;;
;;;;
;;;;
;;;;
;;;;
;;;;
;;;;
;;;;
;;;;
;;;;
;;;;
;;;;
;;;;
;;;;
;;;;
;;;;
;;;;
;;;;
;;;;
;;;;
;;;;
;;;;
;;;;
;;;;
;;;;
;;;;
;;;;
;;;;
;;;;
;;;;
;;;;
;;;;
;;;;
;;;;
;;;;
;;;;
;;;;
;;;;
;;;;
;;;;
;;;;
;;;;
;;;;
;;;;
;;;;
;;;;
;;;;
;;;;
;;;;
;;;;
;;;;
;;;;
;;;;
;;;;
;;;;
;;;;
;;;;
;;;;
;;;;
;;;;
;;;;
;;;;
;;;;
;;;;
;;;;
;;;;
;;;;
;;;;
;;;;
;;;;
;;;;
;;;;
;;;;
;;;;
;;;;
;;;;
;;;;
;;;;
;;;;
;;;;
;;;;
;;;;
;;;;
;;;;
;;;;
;;;;
;;;;
;;;;
;;;;
;;;;
;;;;
;;;;
;;;;
;;;;
;;;;
;;;;
;;;;
;;;;
;;;;
;;;;
;;;;
;;;;
;;;;
;;;;
;;;;
;;;;
;;;;
;;;;
;;;;
;;;;
;;;;
;;;;
;;;;
;;;;
;;;;
;;;;
;;;;
;;;;
;;;;
;;;;
;;;;
;;;;
;;;;
;;;;
;;;;
;;;;
;;;;
;;;;
;;;;
;;;;
;;;;
;;;;
;;;;
;;;;
;;;;
;;;;
;;;;
;;;;
;;;;
;;;;
;;;;
;;;;
;;;;
;;;;
;;;;
;;;;
;;;;
;;;;
;;;;
;;;;
;;;;
;;;;
;;;;
;;;;
;;;;
;;;;
;;;;
;;;;
;;;;
;;;;
;;;;
;;;;
;;;;
;;;;
;;;;
;;;;
;;;;
;;;;
;;;;
;;;;
;;;;
;;;;
;;;;
;;;;
;;;;
;;;;
;;;;
;;;;
;;;;
;;;;
;;;;
;;;;
;;;;
;;;;
;;;;
;;;;
;;;;
;;;;
;;;;
;;;;
;;;;
;;;;
;;;;
;;;;
;;;;
;;;;
;;;;
;;;;
;;;;
;;;;
;;;;
;;;;
;;;;
;;;;
;;;;
;;;;
;;;;
;;;;
;;;;
;;;;
;;;;
;;;;
;;;;
;;;;
;;;;
;;;;
;;;;
;;;;
;;;;
;;;;
;;;;
;;;;
;;;;
;;;;
;;;;
;;;;
;;;;
;;;;
;;;;
;;;;
;;;;
;;;;
;;;;
;;;;
;;;;
;;;;
;;;;
;;;;
;;;;
;;;;
;;;;
;;;;
;;;;
;;;;
;;;;
;;;;
;;;;
;;;;
;;;;
;;;;
;;;;
;;;;
;;;;
;;;;
;;;;
;;;;
;;;;
;;;;
;;;;
;;;;
;;;;
;;;;
;;;;
;;;;
;;;;
;;;;
;;;;
;;;;
;;;;
;;;;
;;;;
;;;;
;;;;
;;;;
;;;;
;;;;
;;;;
;;;;
;;;;
;;;;
;;;;
;;;;
;;;;
;;;;
;;;;
;;;;
;;;;
;;;;
;;;;
;;;;
;;;;
;;;;
;;;;
;;;;
;;;;
;;;;
;;;;
;;;;
;;;;
;;;;
;;;;
;;;;
;;;;
;;;;
;;;;
;;;;
;;;;
;;;;
;;;;
;;;;
;;;;
;;;;
;;;;
;;;;
;;;;
;;;;
;;;;
;;;;
;;;;
;;;;
;;;;
;;;;
;;;;
;;;;
;;;;
;;;;
;;;;
;;;;
;;;;
;;;;
;;;;
;;;;
;;;;
;;;;
;;;;
;;;;
;;;;
;;;;
;;;;
;;;;
;;;;
;;;;
;;;;
;;;;
;;;;
;;;;
;;;;
;;;;
;;;;
;;;;
;;;;
;;;;
;;;;
;;;;
;;;;
;;;;
;;;;
;;;;
;;;;
;;;;
;;;;
;;;;
;;;;
;;;;
;;;;
;;;;
;;;;
;;;;
;;;;
;;;;
;;;;
;;;;
;;;;
;;;;
;;;;
;;;;
;;;;
;;;;
;;;;
;;;;
;;;;
;;;;
;;;;
;;;;
;;;;
;;;;
;;;;
;;;;
;;;;
;;;;
;;;;
;;;;
;;;;
;;;;
;;;;
;;;;
;;;;
;;;;
;;;;
;;;;
;;;;
;;;;
;;;;
;;;;
;;;;
;;;;
;;;;
;;;;
;;;;
;;;;
;;;;
;;;;
;;;;
;;;;
;;;;
;;;;
;;;;
;;;;
;;;;
;;;;
;;;;
;;;;
;;;;
;;;;
;;;;
;;;;
;;;;
;;;;
;;;;
;;;;
;;;;
;;;;
;;;;
;;;;
;;;;
;;;;
;;;;
;;;;
;;;;
;;;;
;;;;
;;;;
;;;;
;;;;
;;;;
;;;;
;;;;
;;;;
;;;;
;;;;
;;;;
;;;;
;;;;
;;;;
;;;;
;;;;
;;;;
;;;;
;;;;
;;;;
;;;;
;;;;
;;;;
;;;;
;;;;
;;;;
;;;;
;;;;
;;;;
;;;;
;;;;
;;;;
;;;;
;;;;
;;;;
;;;;
;;;;
;;;;
;;;;
;;;;
;;;;
;;;;
;;;;
;;;;
;;;;
;;;;
;;;;
;;;;
;;;;
;;;;
;;;;
;;;;
;;;;
;;;;
;;;;
;;;;
;;;;
;;;;
;;;;
;;;;
;;;;
;;;;
;;;;
;;;;
;;;;
;;;;
;;;;
;;;;
;;;;
;;;;
;;;;
;;;;
;;;;
;;;;
;;;;
;;;;
;;;;
;;;;
;;;;
;;;;
;;;;
;;;;
;;;;
;;;;
;;;;
;;;;
;;;;
;;;;
;;;;
;;;;
;;;;
;;;;
;;;;
;;;;
;;;;
;;;;
;;;;
;;;;
;;;;
;;;;
;;;;
;;;;
;;;;
;;;;
;;;;
;;;;
;;;;
;;;;
;;;;
;;;;
;;;;
;;;;
;;;;
;;;;
;;;;
;;;;
;;;;
;;;;
;;;;
;;;;
;;;;
;;;;
;;;;
;;;;
;;;;
;;;;
;;;;
;;;;
;;;;
;;;;
;;;;
;;;;
;;;;
;;;;
;;;;
;;;;
;;;;
;;;;
;;;;
;;;;
;;;;
;;;;
;;;;
;;;;
;;;;
;;;;
;;;;
;;;;
;;;;
;;;;
;;;;
;;;;
;;;;
;;;;
;;;;
;;;;
;;;;
;;;;
;;;;
;;;;
;;;;
;;;;
;;;;
;;;;
;;;;
;;;;
;;;;
;;;;
;;;;
;;;;
;;;;
;;;;
;;;;
;;;;
;;;;
;;;;
;;;;
;;;;
;;;;
;;;;
;;;;
;;;;
;;;;
;;;;
;;;;
;;;;
;;;;
;;;;
;;;;
;;;;
;;;;
;;;;
;;;;
;;;;
;;;;
;;;;
;;;;
;;;;
;;;;
;;;;
;;;;
;;;;
;;;;
;;;;
;;;;
;;;;
;;;;
;;;;
;;;;
;;;;
;;;;
;;;;
;;;;
;;;;
;;;;
;;;;
;;;;
;;;;
;;;;
;;;;
;;;;
;;;;
;;;;
;;;;
;;;;
;;;;
;;;;
;;;;
;;;;
;;;;
;;;;
;;;;
;;;;
;;;;
;;;;
;;;;
;;;;
;;;;
;;;;
