Data,Otwarcie,Najwyzszy,Najnizszy,Zamkniecie
2020-01-02,0.26346,0.26392,0.26274,0.26352
2020-01-03,0.26351,0.26373,0.26136,0.263
2020-01-06,0.26301,0.26462,0.26269,0.26458
2020-01-07,0.26459,0.26461,0.26242,0.26262
2020-01-08,0.26264,0.26319,0.26183,0.26246
2020-01-09,0.26241,0.26267,0.2613,0.26163
2020-01-10,0.26163,0.26285,0.26098,0.26266
2020-01-13,0.26234,0.26318,0.26211,0.26307
2020-01-14,0.26309,0.26431,0.26292,0.26353
2020-01-15,0.26356,0.26438,0.26308,0.26357
2020-01-16,0.26362,0.26397,0.26292,0.26321
2020-01-17,0.26322,0.26326,0.26137,0.26156
2020-01-20,0.26157,0.26192,0.26104,0.26154
2020-01-21,0.26155,0.26253,0.26096,0.26194
2020-01-22,0.26194,0.26215,0.26109,0.26176
2020-01-23,0.26176,0.26188,0.25983,0.26038
2020-01-24,0.26038,0.26077,0.25871,0.25898
2020-01-27,0.25919,0.25938,0.25735,0.25758
2020-01-28,0.25758,0.25822,0.25722,0.25806
2020-01-29,0.25806,0.2581,0.25648,0.25692
2020-01-30,0.25693,0.25751,0.2568,0.25703
2020-01-31,0.25702,0.25816,0.25616,0.25811
2020-02-03,0.25801,0.25814,0.25695,0.25738
2020-02-04,0.25737,0.25867,0.257,0.25842
2020-02-05,0.25842,0.25976,0.25796,0.25908
2020-02-06,0.25908,0.25933,0.25749,0.25784
2020-02-07,0.25784,0.25794,0.256,0.25609
2020-02-10,0.25619,0.25701,0.2554,0.25587
2020-02-11,0.25588,0.25705,0.25565,0.25658
2020-02-12,0.25658,0.25675,0.25551,0.25573
2020-02-13,0.25573,0.25595,0.25474,0.25525
2020-02-14,0.25526,0.25594,0.25495,0.25496
2020-02-17,0.255,0.25537,0.254,0.25442
2020-02-18,0.25438,0.25442,0.25246,0.25295
2020-02-19,0.25296,0.25334,0.25234,0.25315
2020-02-20,0.25313,0.25345,0.25178,0.25205
2020-02-21,0.25205,0.25345,0.25176,0.25283
2020-02-24,0.25216,0.2526,0.25109,0.252
2020-02-25,0.252,0.25322,0.25163,0.2528
2020-02-26,0.2528,0.25316,0.25182,0.25214
2020-02-27,0.25218,0.25468,0.25209,0.25447
2020-02-28,0.25448,0.25501,0.25288,0.25501
2020-03-02,0.25529,0.25889,0.2547,0.25802
2020-03-03,0.2581,0.2606,0.25696,0.25942
2020-03-04,0.25958,0.26068,0.25837,0.25916
2020-03-05,0.25915,0.26127,0.25891,0.26075
2020-03-06,0.26087,0.26445,0.26014,0.26289
2020-03-09,0.26412,0.26619,0.26313,0.26449
2020-03-10,0.26449,0.26449,0.26134,0.26252
2020-03-11,0.2625,0.26358,0.25999,0.26021
2020-03-12,0.26024,0.26166,0.25215,0.25522
2020-03-13,0.2552,0.25733,0.25235,0.25373
2020-03-16,0.25515,0.2559,0.25073,0.25135
2020-03-17,0.25135,0.25196,0.24453,0.24635
2020-03-18,0.24636,0.24744,0.23804,0.24299
2020-03-19,0.24298,0.24451,0.23259,0.23472
2020-03-20,0.23475,0.23989,0.23271,0.23633
2020-03-23,0.23581,0.23865,0.23213,0.23292
2020-03-24,0.23288,0.237,0.23257,0.23477
2020-03-25,0.2348,0.23935,0.23366,0.23827
2020-03-26,0.23822,0.24507,0.2377,0.24394
2020-03-27,0.24393,0.2459,0.24203,0.24555
2020-03-30,0.24525,0.24565,0.24143,0.24311
2020-03-31,0.24311,0.24316,0.24027,0.242
2020-04-01,0.24195,0.24207,0.23733,0.23787
2020-04-02,0.23791,0.2393,0.23651,0.23739
2020-04-03,0.23739,0.23777,0.23519,0.23575
2020-04-06,0.23569,0.23827,0.23521,0.23661
2020-04-07,0.23667,0.24161,0.2364,0.24052
2020-04-08,0.24055,0.24082,0.23865,0.23984
2020-04-09,0.23984,0.24098,0.23829,0.24027
2020-04-13,0.24035,0.24078,0.23814,0.23925
2020-04-14,0.23925,0.24323,0.23925,0.24294
2020-04-15,0.24294,0.24315,0.23904,0.2404
2020-04-16,0.24042,0.24058,0.23776,0.23958
2020-04-17,0.23958,0.24105,0.23839,0.24045
2020-04-20,0.24063,0.24129,0.23939,0.24033
2020-04-21,0.24031,0.24031,0.23846,0.23959
2020-04-22,0.23956,0.24019,0.23718,0.23797
2020-04-23,0.23796,0.23876,0.23681,0.23731
2020-04-24,0.23732,0.23898,0.23633,0.23824
2020-04-27,0.23854,0.24025,0.23831,0.23885
2020-04-28,0.23886,0.23983,0.23777,0.23796
2020-04-29,0.23796,0.23954,0.23791,0.23926
2020-04-30,0.23926,0.24178,0.23859,0.241
2020-05-01,0.24096,0.24167,0.24011,0.24039
2020-05-04,0.24022,0.24044,0.23882,0.23969
2020-05-05,0.2397,0.24041,0.238,0.23902
2020-05-06,0.23901,0.2393,0.23689,0.23725
2020-05-07,0.23728,0.23802,0.23609,0.23786
2020-05-08,0.23788,0.23922,0.23736,0.23815
2020-05-11,0.238,0.23876,0.23673,0.23702
2020-05-12,0.23709,0.23904,0.23642,0.23766
2020-05-13,0.23769,0.23867,0.23664,0.23696
2020-05-14,0.23696,0.23708,0.23577,0.23697
2020-05-15,0.23697,0.23773,0.23629,0.23683
2020-05-18,0.23689,0.23942,0.23657,0.23916
2020-05-19,0.23912,0.2411,0.23887,0.24009
2020-05-20,0.24005,0.24271,0.24,0.24203
2020-05-21,0.24216,0.24339,0.2414,0.24256
2020-05-22,0.24255,0.24271,0.24082,0.2416
2020-05-25,0.24132,0.24243,0.24073,0.24203
2020-05-26,0.24206,0.24824,0.24197,0.24726
2020-05-27,0.2473,0.24893,0.24643,0.24833
2020-05-28,0.24831,0.24973,0.2476,0.24864
2020-05-29,0.24865,0.25074,0.24844,0.24956
2020-06-01,0.2505,0.25309,0.25012,0.25283
2020-06-02,0.25284,0.25524,0.25223,0.25471
2020-06-03,0.25467,0.2567,0.25339,0.25463
2020-06-04,0.25464,0.25717,0.25138,0.25553
2020-06-05,0.25556,0.25704,0.25391,0.25458
2020-06-08,0.25446,0.25576,0.2535,0.25523
2020-06-09,0.2552,0.25583,0.25295,0.25505
2020-06-10,0.25503,0.25694,0.25411,0.25559
2020-06-11,0.25558,0.2559,0.25227,0.25252
2020-06-12,0.25253,0.255,0.25161,0.25326
2020-06-15,0.25261,0.25643,0.25175,0.25641
2020-06-16,0.25643,0.25707,0.25226,0.25319
2020-06-17,0.25321,0.25404,0.25091,0.25188
2020-06-18,0.25186,0.25303,0.25103,0.25183
2020-06-19,0.25182,0.25287,0.24996,0.25049
2020-06-22,0.251,0.25382,0.24988,0.25366
2020-06-23,0.25366,0.25552,0.25262,0.25428
2020-06-24,0.25427,0.25485,0.2524,0.25262
2020-06-25,0.25264,0.25271,0.25046,0.25178
2020-06-26,0.25177,0.25223,0.25059,0.25133
2020-06-29,0.25115,0.25278,0.25102,0.25224
2020-06-30,0.2523,0.25346,0.25069,0.2526
2020-07-01,0.25261,0.25329,0.25081,0.25145
2020-07-02,0.25151,0.25323,0.2513,0.25175
2020-07-03,0.25177,0.25245,0.25103,0.25188
2020-07-06,0.25184,0.25399,0.25184,0.25333
2020-07-07,0.25342,0.25396,0.25177,0.25186
2020-07-08,0.25186,0.25338,0.25153,0.25325
2020-07-09,0.25324,0.25439,0.25209,0.2524
2020-07-10,0.25243,0.25366,0.25142,0.25306
2020-07-13,0.25318,0.25399,0.25241,0.25255
2020-07-14,0.25252,0.25506,0.25216,0.25481
2020-07-15,0.25482,0.25622,0.25466,0.25492
2020-07-16,0.25493,0.25558,0.25342,0.25379
2020-07-17,0.25381,0.25555,0.25374,0.2554
2020-07-20,0.25474,0.25707,0.25471,0.25675
2020-07-21,0.25675,0.26033,0.25647,0.26014
2020-07-22,0.26016,0.26246,0.25908,0.26172
2020-07-23,0.26176,0.26413,0.26123,0.26293
2020-07-24,0.26293,0.26437,0.26256,0.26432
2020-07-27,0.26419,0.2683,0.26408,0.26744
2020-07-28,0.26744,0.26813,0.26532,0.26569
2020-07-29,0.26569,0.26781,0.26478,0.26752
2020-07-30,0.26752,0.26882,0.26586,0.2686
2020-07-31,0.26861,0.27033,0.26659,0.26704
2020-08-03,0.26655,0.26728,0.26458,0.26657
2020-08-04,0.26661,0.26857,0.26607,0.26827
2020-08-05,0.26827,0.2707,0.26819,0.26965
2020-08-06,0.26964,0.27108,0.26809,0.26903
2020-08-07,0.26904,0.26908,0.26647,0.26707
2020-08-10,0.26738,0.268,0.26646,0.2668
2020-08-11,0.26683,0.26834,0.26603,0.26647
2020-08-12,0.26643,0.26846,0.26571,0.26768
2020-08-13,0.2677,0.26979,0.26764,0.2686
2020-08-14,0.2686,0.26929,0.26794,0.26916
2020-08-17,0.26905,0.27047,0.26895,0.27005
2020-08-18,0.27005,0.27318,0.26993,0.27238
2020-08-19,0.27243,0.27304,0.26882,0.26893
2020-08-20,0.26891,0.27069,0.26852,0.27052
2020-08-21,0.27052,0.27132,0.26665,0.26742
2020-08-24,0.26749,0.26967,0.26697,0.26831
2020-08-25,0.26831,0.26981,0.26795,0.26911
2020-08-26,0.2691,0.26936,0.26694,0.26813
2020-08-27,0.26814,0.27034,0.26657,0.26801
2020-08-28,0.26801,0.27166,0.26768,0.27116
2020-08-31,0.27144,0.27287,0.27045,0.27154
2020-09-01,0.27152,0.27351,0.27115,0.27146
2020-09-02,0.27147,0.27175,0.2675,0.26857
2020-09-03,0.26856,0.26867,0.26596,0.26717
2020-09-04,0.26717,0.26724,0.26362,0.26593
2020-09-07,0.2654,0.26668,0.2648,0.26641
2020-09-08,0.26642,0.26667,0.26405,0.26435
2020-09-09,0.26443,0.26622,0.26377,0.26584
2020-09-10,0.26585,0.26789,0.26486,0.26538
2020-09-11,0.26538,0.267,0.26538,0.26596
2020-09-14,0.26612,0.2673,0.26609,0.26692
2020-09-15,0.26688,0.26809,0.26578,0.26593
2020-09-16,0.26594,0.26717,0.26498,0.26547
2020-09-17,0.26549,0.26623,0.26358,0.26589
2020-09-18,0.26589,0.2668,0.26524,0.26585
2020-09-21,0.2658,0.26656,0.26075,0.26188
2020-09-22,0.26189,0.2625,0.25966,0.26104
2020-09-23,0.261,0.2612,0.25796,0.25839
2020-09-24,0.2585,0.25886,0.2551,0.25641
2020-09-25,0.25637,0.257,0.25483,0.25554
2020-09-28,0.25562,0.25674,0.25403,0.25445
2020-09-29,0.25441,0.25984,0.25381,0.25921
2020-09-30,0.25921,0.25978,0.2571,0.25885
2020-10-01,0.25883,0.2628,0.25855,0.26215
2020-10-02,0.26216,0.26226,0.25955,0.26013
2020-10-05,0.26034,0.26281,0.26013,0.26206
2020-10-06,0.26208,0.26351,0.26118,0.26148
2020-10-07,0.26155,0.26294,0.26108,0.26247
2020-10-08,0.26246,0.26314,0.26145,0.26191
2020-10-09,0.26195,0.265,0.26193,0.26464
2020-10-12,0.26456,0.26512,0.26295,0.26505
2020-10-13,0.26505,0.26517,0.26096,0.2614
2020-10-14,0.26139,0.26191,0.25955,0.26037
2020-10-15,0.26037,0.26053,0.25642,0.25747
2020-10-16,0.25747,0.2585,0.25613,0.25769
2020-10-19,0.25776,0.25826,0.25707,0.25725
2020-10-20,0.25725,0.25953,0.25638,0.25914
2020-10-21,0.25915,0.26057,0.25784,0.25936
2020-10-22,0.25939,0.25969,0.25757,0.25848
2020-10-23,0.25852,0.25969,0.25719,0.25964
2020-10-26,0.25917,0.25972,0.25742,0.25783
2020-10-27,0.25787,0.25866,0.25644,0.25688
2020-10-28,0.25685,0.25698,0.25281,0.25366
2020-10-29,0.25366,0.2545,0.25184,0.25228
2020-10-30,0.25233,0.25349,0.25192,0.25285
2020-11-02,0.25266,0.25348,0.2518,0.253
2020-11-03,0.253,0.25847,0.25282,0.25809
2020-11-04,0.25816,0.2593,0.25289,0.25824
2020-11-05,0.2583,0.26289,0.25793,0.26122
2020-11-06,0.26117,0.2641,0.26042,0.26372
2020-11-09,0.26389,0.26686,0.26297,0.26376
2020-11-10,0.26374,0.26445,0.26147,0.26264
2020-11-11,0.26263,0.26337,0.26175,0.26271
2020-11-12,0.26272,0.26374,0.26186,0.2629
2020-11-13,0.2629,0.26403,0.26242,0.26399
2020-11-16,0.26407,0.26572,0.26336,0.26528
2020-11-17,0.26531,0.26539,0.26356,0.2643
2020-11-18,0.2643,0.26616,0.26391,0.26534
2020-11-19,0.26534,0.26606,0.26376,0.26562
2020-11-20,0.26562,0.26627,0.26515,0.26551
2020-11-23,0.26547,0.2665,0.26363,0.26478
2020-11-24,0.26488,0.26667,0.26482,0.26637
2020-11-25,0.26638,0.26718,0.26562,0.26689
2020-11-26,0.2669,0.2674,0.26561,0.26613
2020-11-27,0.26607,0.26677,0.26528,0.26664
2020-11-30,0.26665,0.26834,0.26615,0.26639
2020-12-01,0.26636,0.27165,0.26628,0.27132
2020-12-02,0.27132,0.27174,0.26874,0.27047
2020-12-03,0.27052,0.27231,0.2698,0.27168
2020-12-04,0.27174,0.27241,0.27096,0.27142
2020-12-07,0.27131,0.27215,0.2695,0.27064
2020-12-08,0.27066,0.27228,0.26952,0.27216
2020-12-09,0.27214,0.2745,0.27184,0.27251
2020-12-10,0.27251,0.27459,0.2725,0.27423
2020-12-11,0.27425,0.27482,0.27203,0.27254
2020-12-14,0.27308,0.27468,0.27144,0.27347
2020-12-15,0.27353,0.27434,0.2727,0.27371
2020-12-16,0.27368,0.27573,0.27297,0.27483
2020-12-17,0.27483,0.27647,0.27463,0.27633
2020-12-18,0.27634,0.27646,0.27104,0.27378
2020-12-21,0.27316,0.27321,0.26811,0.27218
2020-12-22,0.27223,0.27249,0.26951,0.27001
2020-12-23,0.26998,0.27151,0.26972,0.27061
2020-12-24,0.27063,0.27135,0.27023,0.27047
2020-12-28,0.27084,0.27307,0.26968,0.27171
2020-12-29,0.27179,0.27348,0.26837,0.27001
2020-12-30,0.27005,0.27209,0.26703,0.26847
2020-12-31,0.26852,0.27026,0.26591,0.26777
2021-01-04,0.26835,0.27105,0.26814,0.26886
2021-01-05,0.26888,0.27164,0.26864,0.27106
2021-01-06,0.27108,0.2738,0.27092,0.27229
2021-01-07,0.27231,0.27318,0.27069,0.27148
2021-01-08,0.27152,0.27229,0.27015,0.27107
2021-01-11,0.27085,0.27085,0.26785,0.26854
2021-01-12,0.26855,0.27008,0.26809,0.2699
2021-01-13,0.26994,0.27026,0.26752,0.26772
2021-01-14,0.26776,0.2683,0.26626,0.2676
2021-01-15,0.26759,0.26768,0.26583,0.26612
2021-01-18,0.26611,0.26667,0.26512,0.26638
2021-01-19,0.2663,0.26785,0.26611,0.26749
2021-01-20,0.26749,0.26842,0.26651,0.26704
2021-01-21,0.26708,0.26863,0.26696,0.26843
2021-01-22,0.26846,0.2688,0.26767,0.26794
2021-01-25,0.26808,0.26862,0.26679,0.26747
2021-01-26,0.26748,0.26776,0.26625,0.26764
2021-01-27,0.26767,0.26783,0.26493,0.26619
2021-01-28,0.26624,0.26748,0.26511,0.26692
2021-01-29,0.2669,0.26892,0.26625,0.26853
2021-02-01,0.26834,0.26868,0.26728,0.26744
2021-02-02,0.26746,0.26887,0.267,0.26877
2021-02-03,0.26877,0.26916,0.26712,0.26831
2021-02-04,0.2683,0.26847,0.26563,0.26583
2021-02-05,0.26584,0.26861,0.26555,0.26857
2021-02-08,0.26853,0.26958,0.26783,0.26917
2021-02-09,0.26915,0.27087,0.26908,0.27083
2021-02-10,0.27082,0.27153,0.26963,0.26987
2021-02-11,0.26986,0.27023,0.26896,0.2695
2021-02-12,0.2695,0.26976,0.26841,0.2694
2021-02-15,0.2695,0.27079,0.26937,0.27045
2021-02-16,0.27046,0.27134,0.26901,0.2693
2021-02-17,0.2693,0.26931,0.26716,0.26816
2021-02-18,0.26816,0.2695,0.26771,0.26929
2021-02-19,0.26935,0.27094,0.26909,0.2703
2021-02-22,0.27035,0.27084,0.26906,0.27061
2021-02-23,0.27075,0.27085,0.26923,0.26946
2021-02-24,0.26948,0.27028,0.26793,0.26999
2021-02-25,0.26996,0.27168,0.26885,0.26966
2021-02-26,0.26959,0.26966,0.26687,0.26691
2021-03-01,0.26707,0.26809,0.26544,0.26573
2021-03-02,0.26572,0.26664,0.26423,0.26615
2021-03-03,0.26615,0.26696,0.26475,0.26556
2021-03-04,0.26557,0.26563,0.26193,0.26246
2021-03-05,0.26247,0.26247,0.25894,0.25977
2021-03-08,0.25972,0.26028,0.25756,0.25771
2021-03-09,0.25768,0.26086,0.25738,0.26042
2021-03-10,0.26044,0.26094,0.25944,0.26059
2021-03-11,0.26059,0.26222,0.26027,0.26145
2021-03-12,0.26145,0.26158,0.2594,0.26092
2021-03-15,0.26075,0.2613,0.25942,0.25979
2021-03-16,0.25981,0.2602,0.25864,0.259
2021-03-17,0.259,0.26076,0.25755,0.26056
2021-03-18,0.26055,0.26089,0.25741,0.25792
2021-03-19,0.25791,0.25869,0.25698,0.258
2021-03-22,0.25712,0.26007,0.25683,0.2596
2021-03-23,0.2596,0.26018,0.25632,0.25649
2021-03-24,0.25653,0.25654,0.25498,0.2552
2021-03-25,0.25519,0.25559,0.25338,0.25405
2021-03-26,0.25405,0.25473,0.25316,0.25408
2021-03-29,0.25415,0.25474,0.25171,0.25177
2021-03-30,0.25184,0.25285,0.25126,0.25163
2021-03-31,0.25163,0.2538,0.25106,0.25317
2021-04-01,0.25318,0.25683,0.2528,0.25643
2021-04-05,0.25539,0.25783,0.25488,0.25719
2021-04-06,0.25719,0.2588,0.25611,0.25863
2021-04-07,0.25864,0.26097,0.25796,0.25945
2021-04-08,0.25946,0.26257,0.25933,0.26209
2021-04-09,0.26207,0.26308,0.2607,0.26274
2021-04-12,0.26249,0.26357,0.26188,0.26303
2021-04-13,0.26309,0.26316,0.26014,0.2617
2021-04-14,0.26173,0.26327,0.26165,0.26293
2021-04-15,0.26294,0.26346,0.2623,0.26299
2021-04-16,0.263,0.26409,0.26235,0.26367
2021-04-19,0.2635,0.26505,0.2627,0.26446
2021-04-20,0.26443,0.26532,0.26402,0.26436
2021-04-21,0.26439,0.26466,0.26298,0.26418
2021-04-22,0.26418,0.26492,0.2629,0.26339
2021-04-23,0.26345,0.26566,0.263,0.26563
2021-04-26,0.26574,0.26606,0.26453,0.26515
2021-04-27,0.26518,0.26521,0.26402,0.26463
2021-04-28,0.26465,0.26518,0.26263,0.26488
2021-04-29,0.26484,0.2659,0.2642,0.26544
2021-04-30,0.26544,0.26607,0.26359,0.26375
2021-05-03,0.26385,0.26587,0.26359,0.26564
2021-05-04,0.26563,0.26565,0.26295,0.26359
2021-05-05,0.26357,0.26416,0.26168,0.26253
2021-05-06,0.26248,0.26412,0.26186,0.26389
2021-05-07,0.26389,0.26736,0.26321,0.2671
2021-05-10,0.26737,0.26745,0.26564,0.26612
2021-05-11,0.26614,0.26771,0.26539,0.26748
2021-05-12,0.26748,0.26761,0.26493,0.26502
2021-05-13,0.26503,0.26745,0.26493,0.26681
2021-05-14,0.26683,0.26855,0.26661,0.26811
2021-05-17,0.26811,0.26872,0.26723,0.26845
2021-05-18,0.26845,0.2707,0.26831,0.27039
2021-05-19,0.27038,0.27081,0.26889,0.26932
2021-05-20,0.26931,0.27226,0.26893,0.27212
2021-05-21,0.27215,0.27245,0.27047,0.27104
2021-05-24,0.27101,0.27283,0.27088,0.27246
2021-05-25,0.27246,0.27369,0.27238,0.27327
2021-05-26,0.27331,0.27369,0.27071,0.27092
2021-05-27,0.27091,0.27238,0.27049,0.27142
2021-05-28,0.27146,0.27229,0.27049,0.27199
2021-05-31,0.27204,0.27308,0.27153,0.27299
2021-06-01,0.27301,0.27471,0.27267,0.27382
2021-06-02,0.27383,0.27415,0.27205,0.27389
2021-06-03,0.27388,0.27411,0.27148,0.27214
2021-06-04,0.27214,0.27314,0.27065,0.27292
2021-06-07,0.27281,0.27353,0.27198,0.27299
2021-06-08,0.27298,0.27317,0.27214,0.27275
2021-06-09,0.27275,0.27399,0.27205,0.27242
2021-06-10,0.27241,0.27298,0.27109,0.27239
2021-06-11,0.27241,0.27286,0.26868,0.26906
2021-06-14,0.26944,0.26995,0.26802,0.26849
2021-06-15,0.2685,0.26944,0.26731,0.26793
2021-06-16,0.26792,0.26975,0.26474,0.26511
2021-06-17,0.26508,0.26532,0.261,0.26119
2021-06-18,0.26122,0.26243,0.26008,0.26078
2021-06-21,0.26055,0.26336,0.26026,0.26325
2021-06-22,0.26324,0.26466,0.26185,0.26448
2021-06-23,0.26454,0.26486,0.2625,0.26405
2021-06-24,0.26414,0.26436,0.26273,0.26405
2021-06-25,0.26407,0.26539,0.26388,0.26457
2021-06-28,0.26431,0.26524,0.26392,0.26495
2021-06-29,0.26491,0.26514,0.26291,0.26336
2021-06-30,0.26332,0.26401,0.26179,0.26239
2021-07-01,0.26239,0.26357,0.26173,0.26253
2021-07-02,0.26251,0.26371,0.2608,0.26318
2021-07-05,0.26284,0.2637,0.26253,0.26333
2021-07-06,0.26334,0.26445,0.26167,0.26203
2021-07-07,0.26202,0.2623,0.2597,0.26013
2021-07-08,0.26045,0.2612,0.25968,0.26065
2021-07-09,0.26065,0.26133,0.26008,0.26131
2021-07-12,0.26127,0.26169,0.25976,0.26067
2021-07-13,0.26058,0.26087,0.25648,0.25688
2021-07-14,0.25682,0.2599,0.25657,0.25915
2021-07-15,0.25914,0.25938,0.25741,0.25788
2021-07-16,0.25789,0.25819,0.25705,0.25752
2021-07-19,0.25768,0.25774,0.25629,0.25667
2021-07-20,0.25668,0.25701,0.25562,0.25653
2021-07-21,0.25653,0.25797,0.2555,0.25756
2021-07-22,0.25755,0.25946,0.25732,0.25795
2021-07-23,0.25796,0.25809,0.25696,0.25727
2021-07-26,0.25723,0.25757,0.25631,0.25708
2021-07-27,0.25706,0.25783,0.2559,0.25705
2021-07-28,0.25703,0.25787,0.25587,0.25785
2021-07-29,0.25784,0.26027,0.25755,0.26014
2021-07-30,0.26014,0.2611,0.2593,0.25955
2021-08-02,0.25986,0.26118,0.25957,0.26028
2021-08-03,0.26028,0.26129,0.26012,0.26056
2021-08-04,0.26054,0.26244,0.26007,0.26046
2021-08-05,0.26048,0.26087,0.25934,0.26058
2021-08-06,0.26057,0.26065,0.25696,0.257
2021-08-09,0.25706,0.25789,0.25657,0.25719
2021-08-10,0.25718,0.25759,0.2558,0.25613
2021-08-11,0.25616,0.25684,0.25499,0.25638
2021-08-12,0.25639,0.25683,0.25551,0.25631
2021-08-13,0.25631,0.25853,0.25631,0.25837
2021-08-16,0.25838,0.25852,0.25767,0.25817
2021-08-17,0.25819,0.25835,0.2564,0.25662
2021-08-18,0.25662,0.25786,0.25628,0.25709
2021-08-19,0.25709,0.25722,0.25446,0.25476
2021-08-20,0.25471,0.25539,0.25405,0.25534
2021-08-23,0.25553,0.25647,0.25509,0.25627
2021-08-24,0.25626,0.25738,0.25575,0.25693
2021-08-25,0.25691,0.25753,0.25607,0.25724
2021-08-26,0.25727,0.25771,0.25667,0.25701
2021-08-27,0.25698,0.25802,0.25634,0.2578
2021-08-30,0.25787,0.25895,0.25762,0.25872
2021-08-31,0.25874,0.26193,0.25868,0.26105
2021-09-01,0.26105,0.26337,0.26051,0.26273
2021-09-02,0.26273,0.26326,0.26225,0.26322
2021-09-03,0.26318,0.2641,0.2628,0.26367
2021-09-06,0.26354,0.26372,0.26204,0.26245
2021-09-07,0.26245,0.263,0.26201,0.26249
2021-09-08,0.26252,0.2627,0.26121,0.2616
2021-09-09,0.26159,0.26196,0.25973,0.26036
2021-09-10,0.26036,0.26073,0.25983,0.25998
2021-09-13,0.25996,0.25999,0.25871,0.25959
2021-09-14,0.25959,0.26038,0.25902,0.25977
2021-09-15,0.25978,0.26011,0.25847,0.25886
2021-09-16,0.25886,0.25925,0.25646,0.25741
2021-09-17,0.25741,0.25751,0.2553,0.25555
2021-09-20,0.25557,0.25558,0.25423,0.25454
2021-09-21,0.25457,0.25512,0.25335,0.25376
2021-09-22,0.25376,0.25451,0.25256,0.25289
2021-09-23,0.25289,0.25518,0.25268,0.25461
2021-09-24,0.25461,0.2549,0.25373,0.25439
2021-09-27,0.25438,0.25504,0.25402,0.25441
2021-09-28,0.25439,0.25454,0.25162,0.25204
2021-09-29,0.25203,0.25251,0.2501,0.25037
2021-09-30,0.25036,0.25257,0.24899,0.25121
2021-10-01,0.25121,0.25353,0.25063,0.25338
2021-10-04,0.2534,0.25492,0.25264,0.25283
2021-10-05,0.25289,0.25328,0.25101,0.25189
2021-10-06,0.25189,0.25411,0.24959,0.25405
2021-10-07,0.25408,0.2546,0.25186,0.25195
2021-10-08,0.25196,0.25206,0.25007,0.25126
2021-10-11,0.25132,0.25256,0.25029,0.25194
2021-10-12,0.25224,0.25248,0.25148,0.25157
2021-10-13,0.25155,0.25366,0.25144,0.25346
2021-10-14,0.25344,0.25435,0.25307,0.25383
2021-10-15,0.25385,0.25457,0.25317,0.25402
2021-10-18,0.25427,0.25451,0.25255,0.25325
2021-10-19,0.25325,0.25516,0.25309,0.25367
2021-10-20,0.25366,0.25447,0.25304,0.25408
2021-10-21,0.25408,0.25466,0.25221,0.25241
2021-10-22,0.2524,0.25326,0.25223,0.25311
2021-10-25,0.25303,0.25411,0.25102,0.25166
2021-10-26,0.25165,0.25279,0.25102,0.25156
2021-10-27,0.25152,0.252,0.25072,0.25112
2021-10-28,0.25111,0.25316,0.25013,0.25283
2021-10-29,0.25279,0.25294,0.25014,0.25058
2021-11-01,0.25068,0.25155,0.25007,0.2513
2021-11-02,0.25129,0.2522,0.25092,0.25137
2021-11-03,0.25137,0.25351,0.25129,0.25335
2021-11-04,0.25334,0.25351,0.25036,0.25103
2021-11-05,0.25104,0.25171,0.24932,0.25158
2021-11-08,0.25139,0.25279,0.25124,0.25232
2021-11-09,0.25232,0.25295,0.25183,0.25242
2021-11-10,0.25242,0.25248,0.24865,0.24896
2021-11-11,0.24896,0.24938,0.2469,0.24693
2021-11-12,0.24692,0.24747,0.24614,0.24665
2021-11-15,0.24659,0.24767,0.24468,0.2449
2021-11-16,0.24488,0.24514,0.24292,0.24347
2021-11-17,0.24358,0.24358,0.2422,0.24278
2021-11-18,0.24282,0.24385,0.24272,0.24351
2021-11-19,0.24351,0.24378,0.24019,0.24061
2021-11-22,0.24039,0.24067,0.23838,0.23867
2021-11-23,0.23867,0.23962,0.23802,0.23918
2021-11-24,0.23918,0.24062,0.23879,0.2394
2021-11-25,0.23939,0.24059,0.23931,0.23961
2021-11-26,0.23955,0.24054,0.23856,0.24039
2021-11-29,0.23992,0.24135,0.23939,0.24111
2021-11-30,0.2411,0.24408,0.24097,0.2433
2021-12-01,0.24344,0.24603,0.24306,0.24475
2021-12-02,0.24475,0.24704,0.24471,0.24591
2021-12-03,0.24591,0.24693,0.2443,0.24589
2021-12-06,0.24599,0.24657,0.24498,0.24579
2021-12-07,0.24581,0.24601,0.24441,0.2459
2021-12-08,0.24592,0.24695,0.24527,0.2458
2021-12-09,0.2458,0.2462,0.24468,0.24517
2021-12-10,0.24517,0.24563,0.24387,0.24495
2021-12-13,0.24488,0.24493,0.24318,0.24319
2021-12-14,0.24323,0.24455,0.24279,0.24305
2021-12-15,0.24305,0.24456,0.24253,0.24435
2021-12-16,0.24435,0.24521,0.24375,0.24458
2021-12-17,0.24452,0.24516,0.24259,0.24259
2021-12-20,0.24258,0.24417,0.24252,0.24369
2021-12-21,0.2437,0.24463,0.24349,0.24412
2021-12-22,0.24417,0.24491,0.24346,0.24429
2021-12-23,0.2444,0.24497,0.24391,0.2448
2021-12-24,0.2448,0.24553,0.24435,0.24483
2021-12-27,0.24472,0.24636,0.2444,0.24534
2021-12-28,0.24549,0.24664,0.24522,0.24571
2021-12-29,0.24572,0.24728,0.24493,0.24684
2021-12-30,0.24672,0.24719,0.24572,0.24633
2021-12-31,0.24633,0.24825,0.24617,0.24789
2022-01-03,0.24777,0.24799,0.24645,0.24682
2022-01-04,0.24684,0.24799,0.24625,0.2472
2022-01-05,0.24719,0.24846,0.24701,0.24704
2022-01-06,0.24703,0.24878,0.24633,0.24801
2022-01-07,0.24801,0.25009,0.24784,0.24996
2022-01-10,0.2499,0.25022,0.24863,0.2495
2022-01-11,0.2495,0.25065,0.24908,0.25058
2022-01-12,0.2506,0.25314,0.25001,0.25279
2022-01-13,0.2528,0.25363,0.25211,0.25221
2022-01-14,0.25229,0.25308,0.25113,0.25165
2022-01-17,0.25168,0.2529,0.25119,0.25205
2022-01-18,0.25209,0.25251,0.24938,0.2498
2022-01-19,0.24974,0.25117,0.24917,0.25061
2022-01-20,0.25079,0.25179,0.24963,0.24996
2022-01-21,0.25016,0.25159,0.24935,0.25033
2022-01-24,0.25061,0.25064,0.247,0.24801
2022-01-25,0.24801,0.24815,0.24528,0.24664
2022-01-26,0.24664,0.24692,0.24488,0.2452
2022-01-27,0.24518,0.24531,0.24368,0.24435
2022-01-28,0.24439,0.2445,0.24251,0.24312
2022-01-31,0.24313,0.24541,0.24262,0.24521
2022-02-01,0.2452,0.24686,0.2449,0.24654
2022-02-02,0.24643,0.24939,0.24642,0.24896
2022-02-03,0.24895,0.25277,0.24826,0.25184
2022-02-04,0.25176,0.25284,0.25001,0.25085
2022-02-07,0.2512,0.25241,0.25033,0.25232
2022-02-08,0.25222,0.25241,0.25101,0.25228
2022-02-09,0.25226,0.25481,0.25198,0.25406
2022-02-10,0.25408,0.25556,0.25254,0.25364
2022-02-11,0.25364,0.25366,0.24756,0.24831
2022-02-14,0.24815,0.25001,0.2466,0.24837
2022-02-15,0.24821,0.25296,0.24799,0.25252
2022-02-16,0.25253,0.25392,0.2521,0.25266
2022-02-17,0.25266,0.25321,0.25078,0.25101
2022-02-18,0.251,0.25204,0.24934,0.2499
2022-02-21,0.24993,0.25239,0.24881,0.24882
2022-02-22,0.24885,0.25037,0.24795,0.24907
2022-02-23,0.24907,0.25072,0.24634,0.24634
2022-02-24,0.2463,0.24644,0.23576,0.24182
2022-02-25,0.24176,0.24323,0.23916,0.24277
2022-02-28,0.23752,0.23989,0.23682,0.23862
2022-03-01,0.23862,0.23994,0.23197,0.23466
2022-03-02,0.23466,0.23495,0.22961,0.23415
2022-03-03,0.23418,0.23435,0.22932,0.22971
2022-03-04,0.22962,0.22987,0.22291,0.22331
2022-03-07,0.22244,0.22252,0.21644,0.21789
2022-03-08,0.21785,0.22509,0.21719,0.22209
2022-03-09,0.22212,0.23283,0.22166,0.23184
2022-03-10,0.23165,0.23216,0.2274,0.2299
2022-03-11,0.22997,0.23121,0.22794,0.22812
2022-03-14,0.22784,0.23304,0.22751,0.23076
2022-03-15,0.23111,0.23342,0.23034,0.23293
2022-03-16,0.23297,0.23699,0.23223,0.23613
2022-03-17,0.23619,0.23822,0.23478,0.2369
2022-03-18,0.23691,0.23743,0.23319,0.23451
2022-03-21,0.2342,0.23651,0.23395,0.23472
2022-03-22,0.23472,0.23618,0.23338,0.23588
2022-03-23,0.23587,0.23604,0.23266,0.23268
2022-03-24,0.23261,0.23358,0.22959,0.2305
2022-03-25,0.23051,0.2346,0.23033,0.23453
2022-03-28,0.23429,0.23436,0.23173,0.23408
2022-03-29,0.23408,0.23975,0.23286,0.23823
2022-03-30,0.23823,0.24098,0.23769,0.24043
2022-03-31,0.24043,0.24096,0.23758,0.23813
2022-04-01,0.23815,0.2386,0.23743,0.23849
2022-04-04,0.2378,0.23837,0.23669,0.23768
2022-04-05,0.23736,0.23766,0.23418,0.23479
2022-04-06,0.23478,0.23732,0.23334,0.23389
2022-04-07,0.23389,0.23623,0.2336,0.23471
2022-04-08,0.23481,0.23504,0.2335,0.23487
2022-04-11,0.23518,0.23542,0.23321,0.2334
2022-04-12,0.23338,0.23469,0.23259,0.23345
2022-04-13,0.23348,0.23494,0.23289,0.23469
2022-04-14,0.23471,0.23567,0.2313,0.23324
2022-04-18,0.23343,0.23435,0.23272,0.2332
2022-04-19,0.2332,0.23378,0.23179,0.23231
2022-04-20,0.23232,0.23471,0.23179,0.23377
2022-04-21,0.2339,0.23545,0.23314,0.23361
2022-04-22,0.23365,0.23419,0.2317,0.23194
2022-04-25,0.23263,0.23292,0.22953,0.23065
2022-04-26,0.23079,0.23148,0.22518,0.22558
2022-04-27,0.22561,0.22664,0.22348,0.22424
2022-04-28,0.22425,0.22625,0.22257,0.22375
2022-04-29,0.22378,0.22732,0.22355,0.22568
2022-05-02,0.22544,0.22642,0.22332,0.22382
2022-05-03,0.22384,0.22524,0.22289,0.22424
2022-05-04,0.22423,0.22884,0.22359,0.22836
2022-05-05,0.22838,0.22883,0.22355,0.22505
2022-05-06,0.22506,0.22563,0.22319,0.22383
2022-05-09,0.22417,0.22596,0.22252,0.22504
2022-05-10,0.22507,0.22629,0.22456,0.22496
2022-05-11,0.22497,0.22698,0.22468,0.22507
2022-05-12,0.22508,0.2252,0.22207,0.22233
2022-05-13,0.22253,0.22319,0.22086,0.2217
2022-05-16,0.22209,0.22409,0.22191,0.22399
2022-05-17,0.22397,0.22712,0.22386,0.22671
2022-05-18,0.22669,0.22717,0.22499,0.22516
2022-05-19,0.22514,0.22806,0.22495,0.2279
2022-05-20,0.22791,0.22855,0.22701,0.2282
2022-05-23,0.228336,0.232143,0.228102,0.2318
2022-05-24,0.231824,0.233961,0.231066,0.233518
2022-05-25,0.233542,0.23371,0.230523,0.232077
2022-05-26,0.232062,0.233119,0.231257,0.232969
2022-05-27,0.232957,0.235063,0.23252,0.234737
2022-05-30,0.234577,0.235977,0.234412,0.235091
2022-05-31,0.235104,0.235166,0.233198,0.234107
2022-06-01,0.234126,0.234484,0.23143,0.23209
2022-06-02,0.232207,0.235053,0.231986,0.234681
2022-06-03,0.234681,0.235197,0.23294,0.233729
2022-06-06,0.233623,0.234356,0.232855,0.233256
2022-06-07,0.233242,0.234057,0.232277,0.234001
2022-06-08,0.233985,0.2351,0.232871,0.233737
2022-06-09,0.233625,0.23467,0.23039,0.230536
2022-06-10,0.230584,0.231443,0.227489,0.228055
2022-06-13,0.228381,0.228964,0.223306,0.22368
2022-06-14,0.223738,0.225787,0.223142,0.223613
2022-06-15,0.223696,0.225169,0.221596,0.22408
2022-06-16,0.224107,0.22459,0.220034,0.223186
2022-06-17,0.223109,0.224482,0.22266,0.224353
2022-06-20,0.223983,0.226713,0.223702,0.226136
2022-06-21,0.226139,0.228008,0.226025,0.227288
2022-06-22,0.227244,0.227342,0.223802,0.224766
2022-06-23,0.224825,0.225306,0.222507,0.223623
2022-06-24,0.223563,0.225245,0.223133,0.225204
2022-06-27,0.224918,0.226469,0.22435,0.22597
2022-06-28,0.225963,0.226573,0.223811,0.223993
2022-06-29,0.223956,0.22508,0.223234,0.223593
2022-06-30,0.223596,0.224545,0.221217,0.222953
2022-07-01,0.222985,0.223132,0.220327,0.222449
2022-07-04,0.222153,0.222776,0.220753,0.221172
2022-07-05,0.22117,0.221564,0.214737,0.216157
2022-07-06,0.216159,0.216558,0.211833,0.213216
2022-07-07,0.21324,0.21435,0.211734,0.212387
2022-07-08,0.212492,0.213874,0.209861,0.212985
2022-07-11,0.212944,0.213215,0.208703,0.208913
2022-07-12,0.208973,0.209505,0.206155,0.208333
2022-07-13,0.208467,0.209843,0.206515,0.208205
2022-07-14,0.208261,0.208624,0.206647,0.207927
2022-07-15,0.207997,0.211387,0.207684,0.21069
2022-07-18,0.211162,0.213374,0.210781,0.211844
2022-07-19,0.211902,0.216057,0.210943,0.215171
2022-07-20,0.215162,0.216265,0.212409,0.21355
2022-07-21,0.213513,0.216022,0.213149,0.214747
2022-07-22,0.214742,0.216347,0.212363,0.215257
2022-07-25,0.215656,0.218426,0.214751,0.216398
2022-07-26,0.216429,0.217183,0.212176,0.212542
2022-07-27,0.212542,0.213752,0.210555,0.213378
2022-07-28,0.213428,0.214261,0.210952,0.214128
2022-07-29,0.213979,0.216739,0.213579,0.215636
2022-08-01,0.215475,0.218195,0.215056,0.217497
2022-08-02,0.21749,0.218184,0.214576,0.214815
2022-08-03,0.214813,0.217516,0.214433,0.216475
2022-08-04,0.216475,0.217578,0.214935,0.217422
2022-08-05,0.217511,0.217874,0.21534,0.216176
2022-08-08,0.215888,0.217509,0.215645,0.217016
2022-08-09,0.217035,0.217978,0.216534,0.217282
2022-08-10,0.217256,0.22183,0.21637,0.220235
2022-08-11,0.220235,0.22152,0.219613,0.220344
2022-08-12,0.220307,0.220559,0.219329,0.220213
2022-08-15,0.220068,0.220291,0.216696,0.216926
2022-08-16,0.21694,0.218304,0.21525,0.217458
2022-08-17,0.217899,0.218213,0.215662,0.216361
2022-08-18,0.216342,0.216738,0.212927,0.213431
2022-08-19,0.213378,0.21354,0.211159,0.211443
2022-08-22,0.211286,0.211626,0.208325,0.208813
2022-08-23,0.208702,0.209874,0.207331,0.208939
2022-08-24,0.20911,0.209806,0.207673,0.209004
2022-08-25,0.208955,0.210842,0.208888,0.210481
2022-08-26,0.210487,0.212526,0.20992,0.210207
2022-08-29,0.209979,0.212062,0.208712,0.211086
2022-08-30,0.211079,0.212627,0.21075,0.211976
2022-08-31,0.211976,0.213547,0.210515,0.212726
2022-09-01,0.212781,0.213201,0.210068,0.210834
2022-09-02,0.210876,0.213565,0.210449,0.210846
2022-09-05,0.21067,0.210698,0.208622,0.210482
2022-09-06,0.210495,0.212181,0.209012,0.209465
2022-09-07,0.209432,0.212679,0.208515,0.212366
2022-09-08,0.212208,0.212926,0.21067,0.212413
2022-09-09,0.212411,0.214961,0.212381,0.214135
2022-09-12,0.214807,0.217185,0.214024,0.215563
2022-09-13,0.215524,0.216581,0.211168,0.211255
2022-09-14,0.211324,0.21237,0.210675,0.211622
2022-09-15,0.211624,0.212097,0.210637,0.211606
2022-09-16,0.211573,0.212628,0.210681,0.212212
2022-09-19,0.212097,0.213142,0.211224,0.213008
2022-09-20,0.212972,0.213608,0.210006,0.210948
2022-09-21,0.210948,0.211088,0.205414,0.20608
2022-09-22,0.206111,0.207736,0.205109,0.20687
2022-09-23,0.20687,0.207329,0.20319,0.203601
2022-09-26,0.204067,0.20485,0.201255,0.202003
2022-09-27,0.202028,0.203513,0.199836,0.200449
2022-09-28,0.200453,0.202942,0.197604,0.202424
2022-09-29,0.202445,0.202477,0.197982,0.202312
2022-09-30,0.202413,0.203,0.200332,0.201722
2022-10-03,0.202224,0.20421,0.201433,0.203437
2022-10-04,0.203428,0.207811,0.203115,0.207367
2022-10-05,0.207367,0.20798,0.203421,0.205159
2022-10-06,0.205145,0.205979,0.200211,0.200551
2022-10-07,0.200719,0.202149,0.199661,0.20039
2022-10-10,0.200202,0.200673,0.198369,0.199789
2022-10-11,0.199686,0.202203,0.198909,0.200184
2022-10-12,0.200068,0.200906,0.199469,0.20031
2022-10-13,0.200242,0.204195,0.198638,0.203467
2022-10-14,0.203297,0.204404,0.200969,0.202548
2022-10-17,0.202092,0.205284,0.200659,0.205147
2022-10-18,0.205193,0.206151,0.204076,0.205987
2022-10-19,0.205985,0.206223,0.203303,0.203607
2022-10-20,0.203506,0.206524,0.202914,0.20513
2022-10-21,0.205109,0.20685,0.202741,0.206467
2022-10-24,0.206869,0.207022,0.204689,0.206208
2022-10-25,0.206227,0.209722,0.205884,0.209117
2022-10-26,0.209119,0.212617,0.208459,0.212514
2022-10-27,0.212515,0.212768,0.210304,0.211014
2022-10-28,0.210974,0.21172,0.209939,0.21122
2022-10-31,0.210911,0.211335,0.209194,0.209538
2022-11-01,0.209538,0.211508,0.209431,0.209971
2022-11-02,0.209971,0.212244,0.20852,0.208567
2022-11-03,0.208544,0.20924,0.206479,0.207677
2022-11-04,0.207686,0.212697,0.207569,0.212436
2022-11-07,0.211765,0.214723,0.211303,0.214454
2022-11-08,0.214498,0.21548,0.212575,0.214758
2022-11-09,0.214855,0.215175,0.211987,0.212474
2022-11-10,0.212481,0.21804,0.210577,0.21753
2022-11-11,0.217509,0.221455,0.216673,0.221362
2022-11-14,0.220728,0.221381,0.218866,0.219101
2022-11-15,0.219022,0.223392,0.216626,0.219142
2022-11-16,0.219168,0.222234,0.216171,0.221253
2022-11-17,0.221194,0.221869,0.218615,0.220244
2022-11-18,0.220237,0.221045,0.219271,0.219719
2022-11-21,0.219712,0.219763,0.217049,0.218133
2022-11-22,0.218135,0.219113,0.217634,0.219082
2022-11-23,0.219074,0.221327,0.218804,0.221172
2022-11-24,0.221172,0.22216,0.220772,0.221562
2022-11-25,0.22156,0.222261,0.22068,0.221833
2022-11-28,0.221075,0.224235,0.220245,0.220623
2022-11-29,0.220645,0.222357,0.22058,0.22075
2022-11-30,0.220791,0.223361,0.220132,0.222866
2022-12-01,0.222866,0.224754,0.221465,0.224356
2022-12-02,0.224363,0.225275,0.222375,0.225141
2022-12-05,0.225407,0.226608,0.222444,0.222771
2022-12-06,0.222776,0.224474,0.221987,0.223089
2022-12-07,0.223072,0.224534,0.222432,0.223612
2022-12-08,0.223628,0.225601,0.223117,0.225473
2022-12-09,0.225502,0.226223,0.223974,0.224606
2022-12-12,0.224561,0.225537,0.223633,0.2246
2022-12-13,0.224638,0.227606,0.22427,0.226872
2022-12-14,0.226882,0.228354,0.225427,0.228154
2022-12-15,0.228052,0.228958,0.225486,0.226512
2022-12-16,0.226587,0.227516,0.225939,0.226021
2022-12-19,0.225868,0.227404,0.225456,0.22619
2022-12-20,0.226198,0.227942,0.225537,0.227507
2022-12-21,0.227461,0.228534,0.227022,0.22752
2022-12-22,0.227507,0.22903,0.227507,0.228451
2022-12-23,0.228482,0.229184,0.228094,0.228675
2022-12-27,0.229092,0.229642,0.226096,0.227319
2022-12-28,0.227317,0.227583,0.225912,0.22641
2022-12-29,0.226428,0.22856,0.226147,0.227629
2022-12-30,0.227647,0.229189,0.226729,0.228294
2023-01-02,0.228277,0.228887,0.227369,0.228393
2023-01-03,0.228438,0.228814,0.224466,0.225741
2023-01-04,0.225827,0.227842,0.225636,0.227233
2023-01-05,0.227221,0.227793,0.224419,0.224683
2023-01-06,0.224678,0.227218,0.223126,0.227097
2023-01-09,0.226754,0.22911,0.22661,0.228634
2023-01-10,0.228636,0.22966,0.228201,0.228969
2023-01-11,0.22899,0.230247,0.228556,0.229565
2023-01-12,0.229592,0.231453,0.228797,0.231024
2023-01-13,0.231008,0.231827,0.230033,0.230736
2023-01-16,0.230818,0.231738,0.229618,0.230574
2023-01-17,0.230574,0.231677,0.229386,0.229633
2023-01-18,0.229633,0.231508,0.228519,0.228723
2023-01-19,0.22877,0.230282,0.227184,0.22936
2023-01-20,0.229339,0.230752,0.229113,0.230672
2023-01-23,0.230818,0.231843,0.230186,0.230912
2023-01-24,0.23089,0.231331,0.229872,0.23109
2023-01-25,0.231077,0.231659,0.230253,0.231497
2023-01-26,0.231567,0.231802,0.230133,0.231167
2023-01-27,0.231179,0.231492,0.230276,0.230768
2023-01-30,0.230731,0.231838,0.230101,0.230356
2023-01-31,0.23034,0.231072,0.229227,0.230667
2023-02-01,0.230667,0.233866,0.230465,0.233736
2023-02-02,0.233743,0.234551,0.232326,0.232885
2023-02-03,0.232856,0.233268,0.228726,0.228754
2023-02-06,0.229134,0.229299,0.225552,0.22621
2023-02-07,0.226286,0.226695,0.223514,0.225894
2023-02-08,0.225899,0.227553,0.225705,0.226165
2023-02-09,0.226216,0.227704,0.225583,0.225924
2023-02-10,0.225932,0.226159,0.223226,0.223493
2023-02-13,0.223863,0.224207,0.222556,0.224082
2023-02-14,0.224046,0.226671,0.223611,0.224873
2023-02-15,0.224875,0.225665,0.223605,0.224607
2023-02-16,0.224658,0.225189,0.222913,0.223656
2023-02-17,0.223638,0.224854,0.22215,0.224835
2023-02-20,0.224323,0.225596,0.223934,0.225362
2023-02-21,0.225357,0.225517,0.223931,0.22419
2023-02-22,0.224192,0.224832,0.223046,0.223125
2023-02-23,0.223129,0.224471,0.222562,0.224182
2023-02-24,0.224124,0.224712,0.223035,0.223474
2023-02-27,0.223433,0.225402,0.223079,0.22503
2023-02-28,0.224982,0.226279,0.224308,0.224903
2023-03-01,0.224869,0.228982,0.224533,0.228369
2023-03-02,0.22836,0.228443,0.225032,0.225479
2023-03-03,0.225464,0.226185,0.224855,0.225881
2023-03-06,0.225723,0.228044,0.225573,0.227738
2023-03-07,0.227728,0.228284,0.224812,0.225017
2023-03-08,0.224928,0.226175,0.224036,0.225126
2023-03-09,0.225128,0.2262,0.225022,0.225565
2023-03-10,0.2257,0.228889,0.225463,0.227332
2023-03-13,0.228433,0.22987,0.226739,0.229171
2023-03-14,0.229171,0.229539,0.227601,0.228018
2023-03-15,0.227995,0.228627,0.22372,0.224956
2023-03-16,0.224956,0.22676,0.224152,0.225867
2023-03-17,0.225867,0.227225,0.225485,0.226786
2023-03-20,0.226879,0.228077,0.225553,0.227915
2023-03-21,0.227915,0.230144,0.227325,0.229835
2023-03-22,0.229749,0.233043,0.229326,0.231725
2023-03-23,0.231728,0.233451,0.231095,0.231293
2023-03-24,0.231299,0.231525,0.228352,0.229479
2023-03-27,0.229895,0.230485,0.229365,0.230428
2023-03-28,0.230466,0.231994,0.23034,0.231787
2023-03-29,0.231765,0.232009,0.230886,0.231267
2023-03-30,0.231275,0.233543,0.230901,0.23322
2023-03-31,0.233239,0.23376,0.231569,0.231789
2023-04-03,0.231875,0.233588,0.230282,0.233272
2023-04-04,0.233306,0.234563,0.23276,0.234153
2023-04-05,0.234189,0.23457,0.232301,0.23273
2023-04-06,0.232748,0.233478,0.232139,0.233003
2023-04-10,0.232999,0.23328,0.23099,0.231712
2023-04-11,0.23173,0.234181,0.231687,0.2338
2023-04-12,0.233808,0.236475,0.23365,0.236223
2023-04-13,0.236314,0.238654,0.236013,0.238137
2023-04-14,0.238108,0.238991,0.236378,0.236777
2023-04-17,0.236828,0.237385,0.23569,0.235938
2023-04-18,0.236035,0.237668,0.235733,0.237304
2023-04-19,0.237288,0.237913,0.235935,0.237188
2023-04-20,0.237239,0.239002,0.236843,0.238507
2023-04-21,0.238522,0.238673,0.23745,0.238251
2023-04-24,0.23822,0.240292,0.237872,0.240086
2023-04-25,0.240003,0.240575,0.238426,0.238954
2023-04-26,0.23897,0.242398,0.238595,0.240769
2023-04-27,0.240771,0.241632,0.239595,0.240876
2023-04-28,0.240923,0.241362,0.239194,0.240269
2023-05-01,0.240372,0.240471,0.237998,0.238305
2023-05-02,0.238393,0.240459,0.238117,0.240271
2023-05-03,0.240297,0.24168,0.240222,0.241239
2023-05-04,0.241237,0.241918,0.239701,0.239979
2023-05-05,0.239997,0.24137,0.239574,0.240995
2023-05-08,0.240854,0.242083,0.240772,0.241274
2023-05-09,0.241278,0.241374,0.239393,0.240877
2023-05-10,0.240642,0.24359,0.240429,0.242969
2023-05-11,0.242966,0.243424,0.240135,0.240527
2023-05-12,0.240504,0.241164,0.239846,0.240145
2023-05-15,0.240191,0.241599,0.239876,0.241356
2023-05-16,0.241362,0.243077,0.240987,0.242124
2023-05-17,0.242148,0.24244,0.239208,0.239808
2023-05-18,0.239836,0.240006,0.236437,0.236785
2023-05-19,0.236735,0.239674,0.236703,0.238015
2023-05-22,0.237928,0.240408,0.237768,0.24006
2023-05-23,0.240066,0.240554,0.238969,0.239937
2023-05-24,0.239915,0.240917,0.238279,0.238892
2023-05-25,0.238936,0.238936,0.237338,0.238208
2023-05-26,0.238225,0.238687,0.236174,0.236788
2023-05-29,0.236913,0.238075,0.236431,0.236949
2023-05-30,0.236949,0.237615,0.2361,0.236788
2023-05-31,0.236868,0.236868,0.234511,0.235824
2023-06-01,0.235845,0.238217,0.235051,0.238014
2023-06-02,0.237992,0.239822,0.237992,0.238527
2023-06-05,0.23833,0.239649,0.237808,0.239225
2023-06-06,0.239248,0.239853,0.237669,0.238781
2023-06-07,0.238741,0.240173,0.237989,0.238549
2023-06-08,0.238535,0.241187,0.238015,0.241049
2023-06-09,0.241109,0.24252,0.240628,0.242021
2023-06-12,0.241848,0.243434,0.241513,0.241942
2023-06-13,0.241949,0.2427,0.240277,0.240714
2023-06-14,0.240743,0.244236,0.239989,0.243639
2023-06-15,0.243733,0.246381,0.241912,0.24561
2023-06-16,0.24561,0.246609,0.244239,0.244938
2023-06-19,0.245031,0.245962,0.244413,0.245531
2023-06-20,0.245537,0.246565,0.24478,0.245662
2023-06-21,0.245656,0.247943,0.245164,0.247743
2023-06-22,0.247717,0.24866,0.247025,0.247498
2023-06-23,0.247498,0.247751,0.244409,0.245373
2023-06-26,0.245383,0.246393,0.24532,0.245754
2023-06-27,0.245757,0.24793,0.245586,0.246293
2023-06-28,0.246288,0.246496,0.242803,0.243633
2023-06-29,0.243655,0.246046,0.242817,0.244308
2023-06-30,0.24431,0.246265,0.243082,0.245999
2023-07-03,0.245902,0.246522,0.244765,0.245935
2023-07-04,0.245923,0.246981,0.245195,0.245195
2023-07-05,0.245203,0.246059,0.242861,0.243191
2023-07-06,0.243191,0.243721,0.240769,0.24258
2023-07-07,0.242695,0.246437,0.241908,0.246245
2023-07-10,0.246126,0.247659,0.245276,0.24753
2023-07-11,0.247552,0.248558,0.246199,0.248016
2023-07-12,0.248058,0.251227,0.247515,0.250595
2023-07-13,0.250558,0.252751,0.250558,0.252445
2023-07-14,0.252496,0.252799,0.250869,0.252038
2023-07-17,0.252101,0.253376,0.251712,0.252921
2023-07-18,0.252937,0.254093,0.252117,0.252351
2023-07-19,0.2524,0.253067,0.251113,0.251687
2023-07-20,0.251701,0.252288,0.249691,0.250115
2023-07-21,0.250121,0.250495,0.248735,0.249344
2023-07-24,0.249353,0.25035,0.248228,0.248824
2023-07-25,0.248793,0.249977,0.248539,0.249403
2023-07-26,0.249393,0.251022,0.24901,0.250475
2023-07-27,0.250475,0.252276,0.247749,0.248292
2023-07-28,0.248325,0.2504,0.247133,0.249871
2023-07-31,0.249637,0.250951,0.249457,0.249759
2023-08-01,0.249747,0.249843,0.246469,0.247962
2023-08-02,0.247988,0.247988,0.244834,0.246005
2023-08-03,0.246017,0.246372,0.244089,0.245786
2023-08-04,0.24577,0.249093,0.245055,0.248274
2023-08-07,0.247889,0.248985,0.247267,0.248756
2023-08-08,0.248751,0.248768,0.244895,0.246021
2023-08-09,0.246202,0.246767,0.245101,0.245745
2023-08-10,0.245748,0.248379,0.245508,0.246988
2023-08-11,0.247005,0.248549,0.246526,0.246929
2023-08-14,0.246672,0.247363,0.244048,0.2452
2023-08-15,0.2452,0.245436,0.242548,0.243685
2023-08-16,0.243737,0.245575,0.243236,0.243572
2023-08-17,0.243584,0.244301,0.242888,0.243383
2023-08-18,0.243314,0.244008,0.242104,0.24381
2023-08-21,0.243756,0.244179,0.242812,0.243417
2023-08-22,0.24342,0.24513,0.242377,0.242669
2023-08-23,0.242669,0.243551,0.241152,0.243199
2023-08-24,0.243195,0.243506,0.241178,0.241414
2023-08-25,0.241357,0.243028,0.240705,0.241728
2023-08-28,0.241781,0.242456,0.241237,0.242036
2023-08-29,0.242025,0.243982,0.241184,0.243643
2023-08-30,0.243632,0.245205,0.242624,0.244566
2023-08-31,0.244626,0.244798,0.242077,0.242532
2023-09-01,0.242618,0.243667,0.241139,0.241197
2023-09-04,0.24129,0.242148,0.24105,0.241313
2023-09-05,0.2413,0.241403,0.238032,0.238763
2023-09-06,0.238777,0.23914,0.233361,0.234733
2023-09-07,0.234692,0.234948,0.230981,0.231286
2023-09-08,0.231217,0.233151,0.231123,0.231686
2023-09-11,0.232053,0.232953,0.23052,0.231752
2023-09-12,0.231771,0.232018,0.228123,0.230847
2023-09-13,0.230847,0.233195,0.229563,0.231924
2023-09-14,0.231932,0.232401,0.229362,0.229697
2023-09-15,0.229692,0.230609,0.229378,0.229452
2023-09-18,0.229912,0.230539,0.229363,0.23052
2023-09-19,0.230527,0.230566,0.229095,0.229342
2023-09-20,0.229313,0.232776,0.228511,0.230752
2023-09-21,0.230765,0.231267,0.229039,0.231006
2023-09-22,0.231026,0.23272,0.230125,0.231253
2023-09-25,0.231081,0.232193,0.229463,0.229903
2023-09-26,0.230013,0.230343,0.229182,0.229547
2023-09-27,0.229572,0.230131,0.226294,0.226754
2023-09-28,0.226762,0.228221,0.226282,0.227811
2023-09-29,0.227811,0.229557,0.22766,0.228951
2023-10-02,0.228839,0.22966,0.226838,0.227057
2023-10-03,0.227073,0.227339,0.225552,0.226172
2023-10-04,0.226198,0.22925,0.22482,0.228169
2023-10-05,0.228182,0.229395,0.227922,0.229307
2023-10-06,0.229262,0.231672,0.227806,0.231394
2023-10-09,0.230523,0.231857,0.229313,0.231438
2023-10-10,0.231441,0.234259,0.231082,0.23374
2023-10-11,0.23377,0.23528,0.233503,0.234576
2023-10-12,0.234543,0.235186,0.23187,0.23218
2023-10-13,0.232069,0.232498,0.231176,0.231934
2023-10-16,0.235343,0.237561,0.233661,0.237115
2023-10-17,0.237211,0.239871,0.2362,0.239181
2023-10-18,0.23916,0.239243,0.236085,0.236442
2023-10-19,0.23642,0.238373,0.235954,0.237509
2023-10-20,0.237515,0.238007,0.236611,0.23735
2023-10-23,0.237696,0.239331,0.236978,0.239137
2023-10-24,0.239128,0.239805,0.236986,0.237388
2023-10-25,0.237336,0.237678,0.235571,0.236118
2023-10-26,0.236117,0.237278,0.235014,0.237006
2023-10-27,0.236992,0.2375,0.235258,0.236723
2023-10-30,0.236574,0.238814,0.236364,0.238618
2023-10-31,0.238624,0.24025,0.236837,0.237371
2023-11-01,0.237374,0.23745,0.23515,0.236739
2023-11-02,0.236741,0.239819,0.23673,0.238786
2023-11-03,0.238786,0.241502,0.238191,0.240702
2023-11-06,0.240659,0.241502,0.240203,0.24053
2023-11-07,0.240508,0.240639,0.239094,0.23996
2023-11-08,0.239975,0.241513,0.238674,0.240975
2023-11-09,0.241073,0.242189,0.239748,0.24071
2023-11-10,0.240647,0.242067,0.240121,0.241334
2023-11-13,0.241435,0.241922,0.240691,0.241642
2023-11-14,0.241638,0.247582,0.241408,0.247273
2023-11-15,0.247264,0.248125,0.246059,0.247163
2023-11-16,0.247149,0.24956,0.245748,0.247902
2023-11-17,0.247905,0.248796,0.247396,0.24875
2023-11-20,0.248694,0.251711,0.248314,0.251464
2023-11-21,0.251493,0.252445,0.24923,0.249609
2023-11-22,0.249594,0.250278,0.248065,0.24942
2023-11-23,0.249361,0.250536,0.24919,0.249647
2023-11-24,0.249646,0.250915,0.249025,0.250557
2023-11-27,0.250588,0.252248,0.250073,0.251851
2023-11-28,0.25187,0.254877,0.25121,0.254397
2023-11-29,0.254417,0.254997,0.252311,0.252619
2023-11-30,0.252567,0.253036,0.24951,0.250228
2023-12-01,0.250253,0.252075,0.24937,0.251658
2023-12-04,0.2513,0.251516,0.249137,0.250168
2023-12-05,0.250159,0.251079,0.249196,0.249759
2023-12-06,0.249782,0.250096,0.248289,0.248703
2023-12-07,0.248712,0.249634,0.248246,0.249168
2023-12-08,0.24918,0.249301,0.247405,0.248138
2023-12-11,0.248494,0.249066,0.247721,0.248291
2023-12-12,0.248266,0.249628,0.248037,0.249411
2023-12-13,0.249419,0.253392,0.248858,0.252764
2023-12-14,0.252802,0.255276,0.252627,0.254957
2023-12-15,0.255018,0.255331,0.251353,0.251353
2023-12-18,0.251958,0.252833,0.250621,0.252627
2023-12-19,0.252622,0.254043,0.252066,0.253985
2023-12-20,0.253995,0.253995,0.251491,0.251945
2023-12-21,0.251959,0.254542,0.251614,0.254206
2023-12-22,0.254298,0.254772,0.253249,0.253982
2023-12-26,0.253858,0.255299,0.253295,0.254994
2023-12-27,0.255022,0.257285,0.254583,0.257112
2023-12-28,0.257107,0.257404,0.254875,0.255177
2023-12-29,0.255105,0.255561,0.253992,0.254183
